client_id,snapshot_id,seq_num,server_timestamp_ms,recv_time_ms,latency_ms,render_x,render_y
unknown_9425,0,0,1765491188702,1765491188803,101,0,0
player_1,108,108,1765491188747,1765491188841,94,0.0,1.0
player_1,109,109,1765491188800,1765491188940,140,0.0,1.0
player_1,110,110,1765491188865,1765491188968,103,0.0,1.0
player_1,0,0,1765491188934,1765491189092,158,0.0,0.0
player_1,111,111,1765491188928,1765491189092,164,0.0,0.0
player_1,0,112,1765491188934,1765491189092,158,0.0,0.0
player_1,112,113,1765491188985,1765491189093,108,0.0,0.0
player_1,0,0,1765491189032,1765491189132,100,0.0,0.0
player_1,0,0,1765491189032,1765491189142,110,0.0,0.0
player_1,113,115,1765491189089,1765491189189,100,0.0,0.0
player_1,114,116,1765491189142,1765491189242,100,0.0,0.0
player_1,0,0,1765491189151,1765491189297,146,0.0,0.0
player_1,0,112,1765491188934,1765491189298,364,0.0,0.0
player_1,0,0,1765491189151,1765491189308,157,0.0,0.0
player_1,115,117,1765491189194,1765491189308,114,0.0,0.0
player_1,116,118,1765491189249,1765491189364,115,0.0,0.0
player_1,117,119,1765491189302,1765491189406,104,0.0,0.0
player_1,118,120,1765491189369,1765491189475,106,0.0,0.0
player_1,119,121,1765491189420,1765491189521,101,0.0,0.0
player_1,120,122,1765491189473,1765491189587,114,0.0,0.0
player_1,121,123,1765491189529,1765491189641,112,0.0,0.0
player_1,122,124,1765491189585,1765491189690,105,0.0,1.0
player_1,123,126,1765491189639,1765491189741,102,0.0,1.0
player_1,124,127,1765491189691,1765491189800,109,0.0,1.0
player_1,125,128,1765491189749,1765491189859,110,0.0,1.0
player_1,126,129,1765491189808,1765491189912,104,0.0,1.0
player_1,127,130,1765491189907,1765491190007,100,0.0,1.0
player_1,128,131,1765491189928,1765491190039,111,0.0,1.0
player_1,0,0,1765491189973,1765491190066,93,0.0,1.0
player_1,0,0,1765491189973,1765491190075,102,0.0,1.0
player_1,129,132,1765491189982,1765491190090,108,0.0,1.0
player_1,0,0,1765491190046,1765491190149,103,0.0,1.0
player_1,130,133,1765491190038,1765491190149,111,0.0,1.0
player_1,0,0,1765491190046,1765491190150,104,0.0,1.0
player_1,131,135,1765491190089,1765491190181,92,0.0,1.0
player_1,132,136,1765491190154,1765491190249,95,0.0,1.0
player_1,0,0,1765491190159,1765491190259,100,0.0,1.0
player_1,0,0,1765491190159,1765491190269,110,0.0,1.0
player_1,133,137,1765491190208,1765491190306,98,0.0,1.0
player_1,134,138,1765491190260,1765491190382,122,0.0,1.0
player_1,135,139,1765491190311,1765491190416,105,0.0,1.0
player_1,136,140,1765491190364,1765491190502,138,0.0,1.0
player_1,137,141,1765491190425,1765491190528,103,0.0,1.0
player_1,138,142,1765491190483,1765491190586,103,0.0,1.0
player_1,139,143,1765491190535,1765491190632,97,0.0,1.0
player_1,140,144,1765491190590,1765491190699,109,0.0,1.0
player_1,141,147,1765491190642,1765491190757,115,0.0,2.0
player_1,142,148,1765491190695,1765491190900,205,0.0,2.0
player_1,143,149,1765491190754,1765491190900,146,0.0,2.0
player_1,144,150,1765491190898,1765491190994,96,1.0,2.0
player_1,145,151,1765491190952,1765491191057,105,1.0,2.0
player_1,146,152,1765491191002,1765491191094,92,1.0,2.0
player_1,0,0,1765491191058,1765491191162,104,1.0,1.0
player_1,147,153,1765491191054,1765491191165,111,1.0,1.0
player_1,0,154,1765491191058,1765491191165,107,1.0,1.0
player_1,148,156,1765491191108,1765491191201,93,1.0,1.0
player_1,149,157,1765491191162,1765491191266,104,1.0,1.0
player_1,0,0,1765491191179,1765491191284,105,1.0,1.0
player_1,0,0,1765491191179,1765491191290,111,1.0,1.0
player_1,150,158,1765491191227,1765491191328,101,1.0,1.0
player_1,151,159,1765491191283,1765491191396,113,1.0,0.0
player_1,152,160,1765491191343,1765491191435,92,1.0,0.0
player_1,153,161,1765491191400,1765491191501,101,1.0,0.0
player_1,154,162,1765491191454,1765491191565,111,1.0,0.0
player_1,155,163,1765491191507,1765491191618,111,1.0,0.0
player_1,156,164,1765491191568,1765491191662,94,1.0,0.0
player_1,157,166,1765491191637,1765491191733,96,1.0,0.0
player_1,158,167,1765491191681,1765491191778,97,1.0,0.0
player_1,159,168,1765491191731,1765491191834,103,0.0,0.0
player_1,160,169,1765491191786,1765491191883,97,0.0,0.0
player_1,161,170,1765491191837,1765491191946,109,0.0,0.0
player_1,162,171,1765491191888,1765491191982,94,0.0,0.0
player_1,163,172,1765491191939,1765491192037,98,0.0,0.0
player_1,164,173,1765491191995,1765491192092,97,0.0,0.0
player_1,165,174,1765491192041,1765491192137,96,0.0,0.0
player_1,0,175,1765491192060,1765491192167,107,0.0,0.0
player_1,0,0,1765491192060,1765491192167,107,0.0,0.0
player_1,166,177,1765491192094,1765491192186,92,0.0,0.0
player_1,167,178,1765491192151,1765491192250,99,0.0,0.0
player_1,0,0,1765491192173,1765491192281,108,0.0,0.0
player_1,0,0,1765491192173,1765491192281,108,0.0,0.0
player_1,168,179,1765491192203,1765491192304,101,0.0,0.0
player_1,169,180,1765491192254,1765491192364,110,0.0,0.0
player_1,0,0,1765491192268,1765491192371,103,0.0,0.0
player_1,0,0,1765491192268,1765491192371,103,0.0,0.0
player_1,170,181,1765491192306,1765491192416,110,0.0,0.0
player_1,171,182,1765491192356,1765491192467,111,0.0,0.0
player_1,172,183,1765491192408,1765491192513,105,0.0,0.0
player_1,173,184,1765491192460,1765491192566,106,0.0,0.0
player_1,174,185,1765491192510,1765491192617,107,0.0,0.0
player_1,175,186,1765491192562,1765491192674,112,0.0,0.0
player_1,176,188,1765491192613,1765491192726,113,0.0,0.0
player_1,177,190,1765491192669,1765491192768,99,0.0,0.0
player_1,178,191,1765491192723,1765491192826,103,0.0,0.0
player_1,179,192,1765491192776,1765491192868,92,0.0,0.0
player_1,180,193,1765491192835,1765491192940,105,0.0,0.0
player_1,181,194,1765491192887,1765491192979,92,0.0,0.0
player_1,182,195,1765491192938,1765491193039,101,0.0,0.0
player_1,183,196,1765491192989,1765491193090,101,0.0,1.0
player_1,184,197,1765491193041,1765491193159,118,0.0,1.0
player_1,0,0,1765491193064,1765491193173,109,0.0,1.0
player_1,0,0,1765491193068,1765491193177,109,0.0,1.0
player_1,185,199,1765491193093,1765491193201,108,0.0,1.0
player_1,186,200,1765491193160,1765491193258,98,1.0,1.0
player_1,0,0,1765491193170,1765491193266,96,1.0,1.0
player_1,0,0,1765491193170,1765491193267,97,1.0,1.0
player_1,187,201,1765491193199,1765491193311,112,1.0,1.0
player_1,188,202,1765491193252,1765491193348,96,1.0,1.0
player_1,189,203,1765491193307,1765491193403,96,1.0,1.0
player_1,190,204,1765491193360,1765491193461,101,2.0,1.0
player_1,191,205,1765491193412,1765491193519,107,2.0,1.0
player_1,192,206,1765491193467,1765491193565,98,2.0,1.0
player_1,193,207,1765491193521,1765491193628,107,2.0,1.0
player_1,194,208,1765491193603,1765491193700,97,2.0,1.0
player_1,195,210,1765491193662,1765491193758,96,2.0,1.0
player_1,196,211,1765491193718,1765491193826,108,2.0,1.0
player_1,197,212,1765491193772,1765491193870,98,2.0,1.0
player_1,198,213,1765491193827,1765491193928,101,2.0,2.0
player_1,199,214,1765491193879,1765491193980,101,2.0,2.0
player_1,200,215,1765491193937,1765491194046,109,2.0,2.0
player_1,201,216,1765491194010,1765491194112,102,2.0,2.0
player_1,202,217,1765491194080,1765491194189,109,2.0,2.0
player_1,0,218,1765491194094,1765491194189,95,2.0,2.0
player_1,0,0,1765491194094,1765491194202,108,2.0,2.0
player_1,203,220,1765491194125,1765491194224,99,2.0,2.0
player_1,0,0,1765491194189,1765491194287,98,2.0,2.0
player_1,0,0,1765491194189,1765491194293,104,2.0,2.0
player_1,204,221,1765491194190,1765491194293,103,2.0,2.0
player_1,205,222,1765491194242,1765491194335,93,1.0,2.0
player_1,0,0,1765491194276,1765491194379,103,1.0,2.0
player_1,0,0,1765491194276,1765491194380,104,1.0,2.0
player_1,206,223,1765491194295,1765491194388,93,1.0,2.0
player_1,207,224,1765491194347,1765491194454,107,1.0,2.0
player_1,208,225,1765491194401,1765491194504,103,1.0,2.0
player_1,209,226,1765491194455,1765491194567,112,1.0,2.0
player_1,210,227,1765491194512,1765491194610,98,1.0,2.0
player_1,211,228,1765491194559,1765491194668,109,1.0,2.0
player_1,212,229,1765491194612,1765491194724,112,1.0,2.0
player_1,213,232,1765491194672,1765491194776,104,1.0,1.0
player_1,214,233,1765491194731,1765491194835,104,1.0,1.0
player_1,215,234,1765491194781,1765491194882,101,1.0,1.0
player_1,216,235,1765491194833,1765491194943,110,1.0,1.0
player_1,217,236,1765491194884,1765491194984,100,1.0,1.0
player_1,218,237,1765491194934,1765491195042,108,1.0,1.0
player_1,219,238,1765491194985,1765491195097,112,1.0,1.0
player_1,220,239,1765491195061,1765491195172,111,0.0,1.0
player_1,0,240,1765491195084,1765491195183,99,0.0,1.0
player_1,0,0,1765491195084,1765491195191,107,0.0,1.0
player_1,221,242,1765491195121,1765491195231,110,0.0,1.0
player_1,222,243,1765491195174,1765491195279,105,0.0,1.0
player_1,0,0,1765491195228,1765491195333,105,0.0,1.0
player_1,223,244,1765491195231,1765491195337,106,0.0,1.0
player_1,0,0,1765491195228,1765491195339,111,0.0,1.0
player_1,224,245,1765491195282,1765491195376,94,1.0,1.0
player_1,225,246,1765491195334,1765491195440,106,1.0,1.0
player_1,226,247,1765491195392,1765491195494,102,1.0,1.0
player_1,227,248,1765491195443,1765491195535,92,1.0,1.0
player_1,228,249,1765491195498,1765491195600,102,2.0,1.0
player_1,229,250,1765491195551,1765491195650,99,2.0,1.0
player_1,230,251,1765491195606,1765491195704,98,2.0,1.0
player_1,231,253,1765491195657,1765491195756,99,2.0,1.0
player_1,232,254,1765491195725,1765491195819,94,2.0,2.0
player_1,233,255,1765491195775,1765491195882,107,2.0,2.0
player_1,234,256,1765491195825,1765491195928,103,2.0,2.0
player_1,235,257,1765491195880,1765491196001,121,2.0,2.0
player_1,236,258,1765491195932,1765491196033,101,2.0,2.0
player_1,237,259,1765491196005,1765491196108,103,2.0,2.0
player_1,238,260,1765491196057,1765491196167,110,2.0,2.0
player_1,239,261,1765491196112,1765491196206,94,2.0,2.0
player_1,0,0,1765491196109,1765491196212,103,2.0,2.0
player_1,0,0,1765491196110,1765491196213,103,2.0,2.0
player_1,240,262,1765491196168,1765491196261,93,3.0,2.0
player_1,0,0,1765491196213,1765491196307,94,3.0,2.0
player_1,0,0,1765491196213,1765491196308,95,3.0,2.0
player_1,241,263,1765491196219,1765491196314,95,3.0,2.0
player_1,242,264,1765491196272,1765491196372,100,3.0,2.0
player_1,243,265,1765491196322,1765491196427,105,3.0,1.0
player_1,244,266,1765491196375,1765491196482,107,3.0,1.0
player_1,245,267,1765491196430,1765491196534,104,3.0,1.0
player_1,246,268,1765491196483,1765491196579,96,3.0,1.0
player_1,247,269,1765491196533,1765491196633,100,2.0,1.0
player_1,248,270,1765491196587,1765491196697,110,2.0,1.0
player_1,249,271,1765491196638,1765491196748,110,2.0,1.0
player_1,250,273,1765491196689,1765491196799,110,2.0,1.0
player_1,251,274,1765491196741,1765491196841,100,2.0,2.0
player_1,252,275,1765491196792,1765491196892,100,2.0,2.0
player_1,253,276,1765491196844,1765491196943,99,2.0,2.0
player_1,254,277,1765491196897,1765491197004,107,2.0,2.0
player_1,255,278,1765491196952,1765491197057,105,2.0,2.0
player_1,256,279,1765491197004,1765491197108,104,2.0,2.0
player_1,257,280,1765491197055,1765491197162,107,2.0,2.0
player_1,0,0,1765491197105,1765491197210,105,2.0,2.0
player_1,0,0,1765491197105,1765491197210,105,2.0,2.0
player_1,258,281,1765491197109,1765491197227,118,2.0,2.0
player_1,259,283,1765491197163,1765491197256,93,2.0,2.0
player_1,0,0,1765491197212,1765491197318,106,2.0,2.0
player_1,260,284,1765491197231,1765491197329,98,2.0,2.0
player_1,0,0,1765491197230,1765491197331,101,2.0,2.0
player_1,261,285,1765491197285,1765491197403,118,2.0,2.0
player_1,262,286,1765491197344,1765491197454,110,2.0,2.0
player_1,263,287,1765491197409,1765491197515,106,2.0,1.0
player_1,264,288,1765491197469,1765491197585,116,2.0,1.0
player_1,265,289,1765491197552,1765491197664,112,2.0,2.0
player_1,266,290,1765491197605,1765491197720,115,2.0,2.0
player_1,267,292,1765491197656,1765491197756,100,2.0,2.0
player_1,268,294,1765491197711,1765491197818,107,2.0,2.0
player_1,269,295,1765491197780,1765491197878,98,3.0,2.0
player_1,270,296,1765491197836,1765491197933,97,3.0,2.0
player_1,271,297,1765491197892,1765491197987,95,3.0,2.0
player_1,272,298,1765491197942,1765491198042,100,3.0,2.0
player_1,273,299,1765491197994,1765491198089,95,4.0,2.0
player_1,274,300,1765491198046,1765491198150,104,4.0,2.0
player_1,275,301,1765491198103,1765491198220,117,4.0,2.0
player_1,0,302,1765491198125,1765491198220,95,4.0,2.0
player_1,0,0,1765491198124,1765491198223,99,4.0,2.0
player_1,276,303,1765491198159,1765491198265,106,4.0,2.0
player_1,277,305,1765491198212,1765491198317,105,5.0,2.0
player_1,0,0,1765491198225,1765491198317,92,5.0,2.0
player_1,0,0,1765491198225,1765491198317,92,5.0,2.0
player_1,278,306,1765491198263,1765491198368,105,5.0,2.0
player_1,279,307,1765491198314,1765491198425,111,5.0,2.0
player_1,280,308,1765491198369,1765491198473,104,5.0,2.0
player_1,281,309,1765491198431,1765491198534,103,4.0,2.0
player_1,282,310,1765491198487,1765491198579,92,4.0,2.0
player_1,283,311,1765491198553,1765491198656,103,4.0,2.0
player_1,284,312,1765491198622,1765491198728,106,4.0,1.0
player_1,285,314,1765491198665,1765491198791,126,4.0,1.0
player_1,286,316,1765491198719,1765491198814,95,4.0,1.0
player_1,287,317,1765491198768,1765491198866,98,4.0,1.0
player_1,288,318,1765491198821,1765491198933,112,3.0,1.0
player_1,289,319,1765491198876,1765491198977,101,3.0,1.0
player_1,290,320,1765491198929,1765491199028,99,3.0,1.0
player_1,291,321,1765491198981,1765491199082,101,3.0,1.0
player_1,292,322,1765491199051,1765491199203,152,3.0,2.0
player_1,293,323,1765491199107,1765491199216,109,3.0,2.0
player_1,0,0,1765491199221,1765491199314,93,3.0,2.0
player_1,0,325,1765491199221,1765491199324,103,2.0,2.0
player_1,0,0,1765491199231,1765491199327,96,2.0,2.0
player_1,0,0,1765491199231,1765491199327,96,2.0,2.0
player_1,294,324,1765491199220,1765491199331,111,2.0,2.0
player_1,295,327,1765491199286,1765491199384,98,2.0,2.0
player_1,0,0,1765491199347,1765491199445,98,2.0,2.0
player_1,296,328,1765491199340,1765491199451,111,2.0,2.0
player_1,0,0,1765491199347,1765491199452,105,2.0,2.0
player_1,297,329,1765491199387,1765491199490,103,2.0,2.0
player_1,298,330,1765491199440,1765491199545,105,2.0,3.0
player_1,299,331,1765491199493,1765491199599,106,2.0,3.0
player_1,300,332,1765491199545,1765491199650,105,2.0,3.0
player_1,301,333,1765491199608,1765491199701,93,2.0,3.0
player_1,302,335,1765491199658,1765491199765,107,1.0,3.0
player_1,303,336,1765491199712,1765491199812,100,1.0,3.0
player_1,304,337,1765491199763,1765491199863,100,1.0,3.0
player_1,305,338,1765491199813,1765491199907,94,1.0,3.0
player_1,306,339,1765491199865,1765491199967,102,1.0,3.0
player_1,307,340,1765491199918,1765491200013,95,1.0,3.0
player_1,308,341,1765491199974,1765491200084,110,1.0,3.0
player_1,309,342,1765491200024,1765491200118,94,1.0,3.0
player_1,310,343,1765491200077,1765491200176,99,1.0,2.0
player_1,311,344,1765491200141,1765491200238,97,1.0,2.0
player_1,0,0,1765491200144,1765491200239,95,1.0,2.0
player_1,0,345,1765491200144,1765491200240,96,1.0,2.0
player_1,312,347,1765491200195,1765491200294,99,1.0,2.0
player_1,0,0,1765491200260,1765491200353,93,1.0,2.0
player_1,0,0,1765491200259,1765491200355,96,1.0,2.0
player_1,313,348,1765491200245,1765491200357,112,1.0,2.0
player_1,314,349,1765491200297,1765491200400,103,1.0,3.0
player_1,315,350,1765491200349,1765491200442,93,1.0,3.0
player_1,316,351,1765491200399,1765491200503,104,1.0,3.0
player_1,317,352,1765491200459,1765491200570,111,1.0,3.0
player_1,318,353,1765491200512,1765491200613,101,1.0,4.0
player_1,319,354,1765491200572,1765491200679,107,1.0,4.0
player_1,320,355,1765491200625,1765491200724,99,1.0,4.0
player_1,321,357,1765491200675,1765491200782,107,1.0,4.0
player_1,322,359,1765491200731,1765491200833,102,1.0,3.0
player_1,323,360,1765491200783,1765491200892,109,1.0,3.0
player_1,324,361,1765491200840,1765491200946,106,1.0,3.0
player_1,325,362,1765491200891,1765491200989,98,1.0,3.0
player_1,326,363,1765491200943,1765491201038,95,0.0,3.0
player_1,327,364,1765491200998,1765491201101,103,0.0,3.0
player_1,328,365,1765491201047,1765491201140,93,0.0,3.0
player_1,329,366,1765491201099,1765491201221,122,0.0,2.0
player_1,330,367,1765491201154,1765491201253,99,0.0,2.0
player_1,0,368,1765491201170,1765491201273,103,0.0,2.0
player_1,0,0,1765491201170,1765491201280,110,0.0,2.0
player_1,331,369,1765491201202,1765491201308,106,0.0,2.0
player_1,0,0,1765491201281,1765491201381,100,0.0,2.0
player_1,332,371,1765491201278,1765491201386,108,0.0,2.0
player_1,0,0,1765491201281,1765491201390,109,0.0,2.0
player_1,333,372,1765491201328,1765491201440,112,0.0,2.0
player_1,0,0,1765491201356,1765491201450,94,0.0,2.0
player_1,0,0,1765491201356,1765491201453,97,0.0,2.0
player_1,334,373,1765491201379,1765491201488,109,0.0,2.0
player_1,335,374,1765491201437,1765491201530,93,0.0,2.0
player_1,336,375,1765491201490,1765491201606,116,0.0,2.0
player_1,337,376,1765491201543,1765491201650,107,0.0,2.0
player_1,338,377,1765491201602,1765491201700,98,0.0,2.0
player_1,339,378,1765491201652,1765491201748,96,0.0,2.0
player_1,340,381,1765491201703,1765491201816,113,0.0,3.0
player_1,341,382,1765491201754,1765491201869,115,0.0,3.0
player_1,342,383,1765491201849,1765491201952,103,0.0,3.0
player_1,343,384,1765491201858,1765491201959,101,0.0,3.0
player_1,344,385,1765491201911,1765491202018,107,0.0,3.0
player_1,345,386,1765491201965,1765491202059,94,0.0,2.0
player_1,346,387,1765491202016,1765491202109,93,0.0,2.0
player_1,347,388,1765491202069,1765491202176,107,0.0,2.0
player_1,348,389,1765491202121,1765491202218,97,0.0,2.0
player_1,0,390,1765491202158,1765491202250,92,0.0,3.0
player_1,0,0,1765491202158,1765491202263,105,0.0,3.0
player_1,349,391,1765491202185,1765491202284,99,0.0,3.0
player_1,350,393,1765491202236,1765491202339,103,0.0,3.0
player_1,0,0,1765491202251,1765491202344,93,0.0,3.0
player_1,0,0,1765491202250,1765491202349,99,0.0,3.0
player_1,351,394,1765491202295,1765491202400,105,0.0,3.0
player_1,352,395,1765491202347,1765491202457,110,1.0,3.0
player_1,353,396,1765491202400,1765491202510,110,1.0,3.0
player_1,354,397,1765491202455,1765491202556,101,1.0,3.0
player_1,355,398,1765491202516,1765491202613,97,1.0,3.0
player_1,356,399,1765491202568,1765491202659,91,1.0,3.0
player_1,357,400,1765491202620,1765491202728,108,1.0,3.0
player_1,358,402,1765491202674,1765491202782,108,1.0,3.0
player_1,359,404,1765491202724,1765491202826,102,1.0,3.0
player_1,360,405,1765491202777,1765491202873,96,2.0,3.0
player_1,361,406,1765491202832,1765491202935,103,2.0,3.0
player_1,362,407,1765491202882,1765491202982,100,2.0,3.0
player_1,363,408,1765491202934,1765491203030,96,2.0,3.0
player_1,364,409,1765491202993,1765491203103,110,2.0,4.0
player_1,365,410,1765491203043,1765491203135,92,2.0,4.0
player_1,366,411,1765491203096,1765491203198,102,2.0,4.0
player_1,367,412,1765491203160,1765491203278,118,2.0,4.0
player_1,0,413,1765491203163,1765491203278,115,1.0,4.0
player_1,0,0,1765491203163,1765491203348,185,1.0,4.0
player_1,368,414,1765491203218,1765491203407,189,1.0,4.0
player_1,369,415,1765491203273,1765491203408,135,1.0,4.0
player_1,370,416,1765491203384,1765491203495,111,1.0,4.0
player_1,0,413,1765491203163,1765491203504,341,1.0,4.0
player_1,0,0,1765491203431,1765491203529,98,1.0,4.0
player_1,0,0,1765491203433,1765491203530,97,1.0,4.0
player_1,0,0,1765491203431,1765491203551,120,1.0,4.0
player_1,0,0,1765491203433,1765491203554,121,1.0,4.0
player_1,371,417,1765491203435,1765491203555,120,1.0,4.0
player_1,372,418,1765491203499,1765491203605,106,1.0,4.0
player_1,373,419,1765491203556,1765491203648,92,1.0,4.0
player_1,374,420,1765491203617,1765491203718,101,1.0,4.0
player_1,375,421,1765491203675,1765491203780,105,0.0,4.0
player_1,376,422,1765491203744,1765491203847,103,0.0,4.0
player_1,377,423,1765491203795,1765491203895,100,0.0,4.0
player_1,378,424,1765491203846,1765491203952,106,0.0,4.0
player_1,379,425,1765491203901,1765491203996,95,0.0,4.0
player_1,380,426,1765491203948,1765491204051,103,0.0,4.0
player_1,381,427,1765491204002,1765491204113,111,0.0,4.0
player_1,382,428,1765491204053,1765491204156,103,0.0,4.0
player_1,383,429,1765491204103,1765491204210,107,0.0,4.0
player_1,384,430,1765491204162,1765491204266,104,0.0,4.0
player_1,0,0,1765491204191,1765491204287,96,0.0,4.0
player_1,0,431,1765491204195,1765491204305,110,0.0,4.0
player_1,385,432,1765491204211,1765491204310,99,0.0,4.0
player_1,386,433,1765491204262,1765491204360,98,0.0,4.0
player_1,0,0,1765491204298,1765491204390,92,0.0,5.0
player_1,0,0,1765491204298,1765491204390,92,0.0,5.0
player_1,387,434,1765491204313,1765491204417,104,0.0,5.0
player_1,388,435,1765491204363,1765491204472,109,0.0,5.0
player_1,389,436,1765491204444,1765491204538,94,0.0,5.0
player_1,0,431,1765491204195,1765491204551,356,0.0,5.0
player_1,390,437,1765491204496,1765491204606,110,0.0,5.0
player_1,391,438,1765491204547,1765491204643,96,0.0,5.0
player_1,392,439,1765491204606,1765491204714,108,0.0,5.0
player_1,393,440,1765491204657,1765491204754,97,0.0,5.0
player_1,394,441,1765491204710,1765491204803,93,0.0,6.0
player_1,395,443,1765491204760,1765491204855,95,0.0,6.0
player_1,396,444,1765491204813,1765491204922,109,0.0,6.0
player_1,397,445,1765491204887,1765491205012,125,0.0,6.0
player_1,398,446,1765491204946,1765491205052,106,0.0,6.0
player_1,399,447,1765491205003,1765491205145,142,0.0,6.0
player_1,400,448,1765491205055,1765491205169,114,0.0,6.0
player_1,401,449,1765491205181,1765491205288,107,1.0,6.0
player_1,402,450,1765491205221,1765491205314,93,1.0,6.0
player_1,0,451,1765491205221,1765491205327,106,1.0,6.0
player_1,0,0,1765491205221,1765491205336,115,1.0,6.0
player_1,403,452,1765491205283,1765491205385,102,1.0,6.0
player_1,0,0,1765491205315,1765491205419,104,1.0,6.0
player_1,0,0,1765491205315,1765491205424,109,1.0,6.0
player_1,404,453,1765491205337,1765491205428,91,1.0,6.0
player_1,405,455,1765491205389,1765491205496,107,1.0,6.0
player_1,0,0,1765491205426,1765491205518,92,1.0,6.0
player_1,0,0,1765491205426,1765491205528,102,1.0,6.0
player_1,406,456,1765491205442,1765491205552,110,1.0,6.0
player_1,407,457,1765491205494,1765491205599,105,1.0,6.0
player_1,408,458,1765491205546,1765491205644,98,1.0,5.0
player_1,409,459,1765491205597,1765491205692,95,1.0,5.0
player_1,410,460,1765491205647,1765491205756,109,1.0,5.0
player_1,411,461,1765491205699,1765491205790,91,1.0,5.0
player_1,412,463,1765491205751,1765491205859,108,1.0,5.0
player_1,413,464,1765491205802,1765491205911,109,1.0,6.0
player_1,414,465,1765491205857,1765491205962,105,1.0,6.0
player_1,415,466,1765491205912,1765491206021,109,1.0,6.0
player_1,416,467,1765491205963,1765491206056,93,1.0,6.0
player_1,417,468,1765491206020,1765491206118,98,1.0,6.0
player_1,418,469,1765491206073,1765491206181,108,1.0,6.0
player_1,419,470,1765491206128,1765491206234,106,0.0,6.0
player_1,420,471,1765491206179,1765491206279,100,0.0,6.0
player_1,0,0,1765491206229,1765491206322,93,0.0,6.0
player_1,0,472,1765491206236,1765491206335,99,0.0,6.0
player_1,421,473,1765491206271,1765491206371,100,0.0,6.0
player_1,422,474,1765491206324,1765491206451,127,0.0,6.0
player_1,0,0,1765491206357,1765491206465,108,0.0,6.0
player_1,0,0,1765491206357,1765491206465,108,0.0,6.0
player_1,423,475,1765491206374,1765491206486,112,0.0,6.0
player_1,0,472,1765491206236,1765491206557,321,0.0,5.0
player_1,424,477,1765491206457,1765491206564,107,0.0,5.0
player_1,425,478,1765491206517,1765491206629,112,0.0,5.0
player_1,426,479,1765491206558,1765491206660,102,0.0,5.0
player_1,427,480,1765491206614,1765491206722,108,0.0,5.0
player_1,428,481,1765491206664,1765491206770,106,0.0,5.0
player_1,429,482,1765491206716,1765491206826,110,0.0,5.0
player_1,430,484,1765491206771,1765491206875,104,0.0,5.0
player_1,431,485,1765491206826,1765491206934,108,0.0,4.0
player_1,432,486,1765491206876,1765491206972,96,0.0,4.0
player_1,433,487,1765491206927,1765491207039,112,0.0,4.0
player_1,434,488,1765491206977,1765491207085,108,0.0,4.0
player_1,435,489,1765491207045,1765491207153,108,0.0,5.0
player_1,436,490,1765491207096,1765491207188,92,0.0,5.0
player_1,437,491,1765491207147,1765491207243,96,0.0,5.0
player_1,438,492,1765491207207,1765491207300,93,0.0,5.0
player_1,0,0,1765491207225,1765491207320,95,0.0,6.0
player_1,0,493,1765491207225,1765491207328,103,0.0,6.0
player_1,439,494,1765491207261,1765491207359,98,0.0,6.0
player_1,440,495,1765491207314,1765491207413,99,0.0,6.0
player_1,0,0,1765491207338,1765491207445,107,0.0,6.0
player_1,0,0,1765491207337,1765491207445,108,0.0,6.0
player_1,441,497,1765491207368,1765491207479,111,0.0,6.0
player_1,442,498,1765491207423,1765491207519,96,0.0,6.0
player_1,443,499,1765491207477,1765491207571,94,0.0,6.0
player_1,444,500,1765491207529,1765491207636,107,0.0,6.0
player_1,445,501,1765491207580,1765491207677,97,0.0,6.0
player_1,446,502,1765491207631,1765491207733,102,0.0,6.0
player_1,447,503,1765491207687,1765491207790,103,0.0,6.0
player_1,448,504,1765491207740,1765491207850,110,0.0,6.0
player_1,449,506,1765491207793,1765491207890,97,0.0,6.0
player_1,450,507,1765491207846,1765491207953,107,0.0,7.0
player_1,451,508,1765491207896,1765491207989,93,0.0,7.0
player_1,452,509,1765491207947,1765491208045,98,0.0,7.0
player_1,453,510,1765491208003,1765491208103,100,0.0,7.0
player_1,454,511,1765491208054,1765491208157,103,0.0,8.0
player_1,455,512,1765491208106,1765491208218,112,0.0,8.0
player_1,456,513,1765491208158,1765491208260,102,0.0,8.0
player_1,457,514,1765491208211,1765491208309,98,0.0,8.0
player_1,0,515,1765491208250,1765491208343,93,0.0,8.0
player_1,0,0,1765491208248,1765491208349,101,0.0,8.0
player_1,458,516,1765491208262,1765491208361,99,0.0,9.0
player_1,459,517,1765491208315,1765491208409,94,0.0,9.0
player_1,0,0,1765491208357,1765491208452,95,0.0,9.0
player_1,0,0,1765491208357,1765491208466,109,0.0,9.0
player_1,460,518,1765491208365,1765491208471,106,0.0,9.0
player_1,461,520,1765491208416,1765491208522,106,0.0,9.0
player_1,462,521,1765491208475,1765491208578,103,0.0,9.0
player_1,463,522,1765491208523,1765491208629,106,0.0,9.0
player_1,464,523,1765491208575,1765491208690,115,0.0,9.0
player_1,465,524,1765491208687,1765491208800,113,1.0,9.0
player_1,466,525,1765491208711,1765491208803,92,1.0,9.0
player_1,467,526,1765491208767,1765491208869,102,1.0,9.0
player_1,468,527,1765491208822,1765491208930,108,1.0,9.0
player_1,469,528,1765491208878,1765491208971,93,0.0,9.0
player_1,470,529,1765491208929,1765491209032,103,0.0,9.0
player_1,471,530,1765491208983,1765491209080,97,0.0,9.0
player_1,472,531,1765491209034,1765491209145,111,0.0,9.0
player_1,473,532,1765491209097,1765491209213,116,0.0,9.0
player_1,474,533,1765491209149,1765491209259,110,0.0,9.0
player_1,475,534,1765491209209,1765491209312,103,0.0,9.0
player_1,0,0,1765491209268,1765491209373,105,0.0,9.0
player_1,0,535,1765491209268,1765491209373,105,0.0,9.0
player_1,476,536,1765491209274,1765491209373,99,0.0,9.0
player_1,477,537,1765491209327,1765491209422,95,0.0,9.0
player_1,478,538,1765491209407,1765491209508,101,0.0,9.0
player_1,0,0,1765491209412,1765491209510,98,0.0,9.0
player_1,0,0,1765491209412,1765491209513,101,0.0,9.0
player_1,479,540,1765491209436,1765491209546,110,0.0,9.0
player_1,0,0,1765491209469,1765491209574,105,0.0,9.0
player_1,0,0,1765491209469,1765491209580,111,0.0,9.0
player_1,480,541,1765491209487,1765491209589,102,0.0,9.0
player_1,481,542,1765491209539,1765491209641,102,0.0,8.0
player_1,482,543,1765491209596,1765491209711,115,0.0,8.0
player_1,483,544,1765491209641,1765491209750,109,0.0,8.0
player_1,484,545,1765491209694,1765491209803,109,0.0,8.0
player_1,485,546,1765491209744,1765491209850,106,0.0,7.0
player_1,486,548,1765491209796,1765491209920,124,0.0,7.0
player_1,487,549,1765491209852,1765491209946,94,0.0,7.0
player_1,488,550,1765491209904,1765491210001,97,0.0,7.0
player_1,489,551,1765491209958,1765491210071,113,1.0,7.0
player_1,490,552,1765491210009,1765491210102,93,1.0,7.0
player_1,491,553,1765491210061,1765491210158,97,1.0,7.0
player_1,492,554,1765491210114,1765491210220,106,1.0,7.0
player_1,493,555,1765491210163,1765491210276,113,1.0,6.0
player_1,494,556,1765491210216,1765491210320,104,1.0,6.0
player_1,0,0,1765491210268,1765491210369,101,1.0,6.0
player_1,0,557,1765491210268,1765491210369,101,1.0,6.0
player_1,495,558,1765491210271,1765491210371,100,1.0,6.0
player_1,496,559,1765491210323,1765491210421,98,1.0,6.0
player_1,497,560,1765491210373,1765491210469,96,1.0,7.0
player_1,0,0,1765491210396,1765491210551,155,1.0,7.0
player_1,0,0,1765491210396,1765491210553,157,1.0,7.0
player_1,498,561,1765491210427,1765491210554,127,1.0,7.0
player_1,499,562,1765491210478,1765491210577,99,1.0,7.0
player_1,500,563,1765491210546,1765491210651,105,1.0,7.0
player_1,501,564,1765491210591,1765491210689,98,1.0,8.0
player_1,502,565,1765491210649,1765491210753,104,1.0,8.0
player_1,503,566,1765491210696,1765491210804,108,1.0,8.0
player_1,504,567,1765491210749,1765491210852,103,1.0,8.0
player_1,505,570,1765491210800,1765491210901,101,1.0,9.0
player_1,506,571,1765491210853,1765491210958,105,1.0,9.0
player_1,507,572,1765491210907,1765491211001,94,1.0,9.0
player_1,508,573,1765491210958,1765491211065,107,1.0,9.0
player_1,509,574,1765491211011,1765491211121,110,1.0,10.0
player_1,510,575,1765491211118,1765491211222,104,1.0,10.0
player_1,511,576,1765491211159,1765491211279,120,1.0,10.0
player_1,512,577,1765491211211,1765491211318,107,0.0,10.0
player_1,0,579,1765491211283,1765491211376,93,0.0,10.0
player_1,513,578,1765491211269,1765491211378,109,0.0,10.0
player_1,0,0,1765491211283,1765491211388,105,0.0,10.0
player_1,514,580,1765491211321,1765491211424,103,0.0,10.0
player_1,515,581,1765491211375,1765491211469,94,0.0,10.0
player_1,0,0,1765491211398,1765491211495,97,0.0,10.0
player_1,0,0,1765491211398,1765491211500,102,0.0,10.0
player_1,516,583,1765491211423,1765491211514,91,0.0,10.0
player_1,517,584,1765491211476,1765491211573,97,0.0,11.0
player_1,518,585,1765491211532,1765491211634,102,0.0,11.0
player_1,519,586,1765491211630,1765491211735,105,0.0,11.0
player_1,520,587,1765491211683,1765491211778,95,0.0,11.0
player_1,521,588,1765491211733,1765491211838,105,0.0,11.0
player_1,522,590,1765491211784,1765491211880,96,0.0,11.0
player_1,523,591,1765491211840,1765491211943,103,0.0,11.0
player_1,524,592,1765491211905,1765491212008,103,0.0,11.0
player_1,525,593,1765491212000,1765491212103,103,0.0,11.0
player_1,526,594,1765491212050,1765491212143,93,0.0,11.0
player_1,527,595,1765491212109,1765491212211,102,0.0,11.0
player_1,528,596,1765491212163,1765491212260,97,0.0,11.0
player_1,529,597,1765491212219,1765491212324,105,0.0,11.0
player_1,530,598,1765491212274,1765491212372,98,0.0,11.0
player_1,0,0,1765491212289,1765491212388,99,0.0,12.0
player_1,0,599,1765491212289,1765491212395,106,0.0,12.0
player_1,531,600,1765491212326,1765491212435,109,0.0,12.0
player_1,532,601,1765491212388,1765491212489,101,0.0,12.0
player_1,0,0,1765491212397,1765491212514,117,0.0,12.0
player_1,0,0,1765491212397,1765491212515,118,0.0,12.0
player_1,533,603,1765491212438,1765491212539,101,0.0,12.0
player_1,534,604,1765491212490,1765491212596,106,0.0,12.0
player_1,0,599,1765491212289,1765491212601,312,0.0,12.0
player_1,535,605,1765491212543,1765491212647,104,0.0,12.0
player_1,536,606,1765491212622,1765491212730,108,0.0,12.0
player_1,537,607,1765491212819,1765491212929,110,0.0,12.0
player_1,538,610,1765491212888,1765491213019,131,0.0,11.0
player_1,539,611,1765491212943,1765491213041,98,0.0,11.0
player_1,540,612,1765491213032,1765491213147,115,0.0,11.0
player_1,541,613,1765491213083,1765491213179,96,0.0,11.0
player_1,542,614,1765491213154,1765491213255,101,0.0,12.0
player_1,543,615,1765491213209,1765491213331,122,0.0,12.0
player_1,544,616,1765491213273,1765491213388,115,0.0,12.0
player_1,545,617,1765491213427,1765491213525,98,0.0,12.0
player_1,0,0,1765491213436,1765491213538,102,0.0,12.0
player_1,0,0,1765491213436,1765491213538,102,0.0,12.0
player_1,0,0,1765491213434,1765491213542,108,0.0,12.0
player_1,0,0,1765491213434,1765491213567,133,0.0,12.0
player_1,546,618,1765491213459,1765491213568,109,0.0,12.0
player_1,547,620,1765491213493,1765491213608,115,0.0,12.0
player_1,0,0,1765491213515,1765491213608,93,0.0,12.0
player_1,0,0,1765491213565,1765491213669,104,0.0,11.0
player_1,548,621,1765491213573,1765491213675,102,0.0,11.0
player_1,549,622,1765491213676,1765491213771,95,0.0,11.0
player_1,550,623,1765491213727,1765491213835,108,0.0,11.0
player_1,551,624,1765491213778,1765491213882,104,1.0,11.0
player_1,552,625,1765491213830,1765491213943,113,1.0,11.0
player_1,553,626,1765491213885,1765491213983,98,1.0,11.0
player_1,554,627,1765491213937,1765491214047,110,1.0,11.0
player_1,555,628,1765491213989,1765491214095,106,1.0,11.0
player_1,556,629,1765491214039,1765491214134,95,1.0,11.0
player_1,557,630,1765491214091,1765491214192,101,1.0,11.0
player_1,558,631,1765491214144,1765491214242,98,1.0,11.0
player_1,559,632,1765491214196,1765491214291,95,0.0,11.0
player_1,560,633,1765491214263,1765491214369,106,0.0,11.0
player_1,561,634,1765491214298,1765491214400,102,0.0,11.0
player_1,0,0,1765491214316,1765491214424,108,0.0,11.0
player_1,0,635,1765491214316,1765491214427,111,0.0,11.0
player_1,562,636,1765491214352,1765491214446,94,0.0,11.0
player_1,563,637,1765491214404,1765491214503,99,0.0,11.0
player_1,0,0,1765491214431,1765491214533,102,0.0,11.0
player_1,0,0,1765491214431,1765491214538,107,0.0,11.0
player_1,564,639,1765491214456,1765491214551,95,0.0,11.0
player_1,565,640,1765491214514,1765491214617,103,0.0,11.0
player_1,566,641,1765491214565,1765491214668,103,0.0,11.0
player_1,567,642,1765491214616,1765491214727,111,1.0,11.0
player_1,568,643,1765491214669,1765491214770,101,1.0,11.0
player_1,569,644,1765491214726,1765491214833,107,1.0,11.0
player_1,570,645,1765491214782,1765491214884,102,1.0,11.0
player_1,571,647,1765491214834,1765491214928,94,1.0,11.0
player_1,572,648,1765491214887,1765491214992,105,1.0,11.0
player_1,573,649,1765491214936,1765491215039,103,1.0,11.0
player_1,574,650,1765491214988,1765491215080,92,1.0,11.0
player_1,575,651,1765491215043,1765491215153,110,1.0,12.0
player_1,576,652,1765491215093,1765491215198,105,1.0,12.0
player_1,577,653,1765491215146,1765491215257,111,1.0,12.0
player_1,578,654,1765491215199,1765491215294,95,1.0,12.0
player_1,579,655,1765491215255,1765491215367,112,0.0,12.0
player_1,580,656,1765491215304,1765491215398,94,0.0,12.0
player_1,0,0,1765491215326,1765491215425,99,0.0,12.0
player_1,0,657,1765491215326,1765491215433,107,0.0,12.0
player_1,581,658,1765491215358,1765491215457,99,0.0,12.0
player_1,582,659,1765491215418,1765491215525,107,0.0,12.0
player_1,0,0,1765491215439,1765491215535,96,0.0,12.0
player_1,0,0,1765491215429,1765491215562,133,0.0,12.0
player_1,583,660,1765491215466,1765491215576,110,0.0,12.0
player_1,584,662,1765491215527,1765491215622,95,0.0,12.0
player_1,0,657,1765491215326,1765491215657,331,0.0,12.0
player_1,585,663,1765491215583,1765491215690,107,0.0,12.0
player_1,586,664,1765491215640,1765491215737,97,1.0,12.0
player_1,587,665,1765491215698,1765491215813,115,1.0,12.0
player_1,588,666,1765491215751,1765491215868,117,1.0,12.0
player_1,589,667,1765491215806,1765491215909,103,1.0,12.0
player_1,590,669,1765491215859,1765491215997,138,2.0,12.0
player_1,591,670,1765491215914,1765491216013,99,2.0,12.0
player_1,592,671,1765491216000,1765491216093,93,2.0,12.0
player_1,593,672,1765491216050,1765491216154,104,2.0,12.0
player_1,594,673,1765491216103,1765491216211,108,2.0,12.0
player_1,595,674,1765491216153,1765491216248,95,2.0,12.0
player_1,596,675,1765491216204,1765491216304,100,2.0,12.0
player_1,597,676,1765491216257,1765491216356,99,2.0,11.0
player_1,598,677,1765491216310,1765491216412,102,2.0,11.0
player_1,0,678,1765491216329,1765491216421,92,2.0,11.0
player_1,0,0,1765491216328,1765491216429,101,2.0,11.0
player_1,599,679,1765491216364,1765491216468,104,2.0,11.0
player_1,600,680,1765491216417,1765491216521,104,2.0,11.0
player_1,0,0,1765491216455,1765491216548,93,2.0,11.0
player_1,0,0,1765491216455,1765491216562,107,3.0,11.0
player_1,601,681,1765491216477,1765491216589,112,3.0,11.0
player_1,602,683,1765491216529,1765491216621,92,3.0,11.0
player_1,603,684,1765491216615,1765491216725,110,3.0,11.0
player_1,604,685,1765491216636,1765491216745,109,3.0,11.0
player_1,605,686,1765491216692,1765491216802,110,3.0,11.0
player_1,606,687,1765491216744,1765491216852,108,3.0,11.0
player_1,607,688,1765491216799,1765491216897,98,3.0,11.0
player_1,608,691,1765491216858,1765491216957,99,3.0,11.0
player_1,609,692,1765491216909,1765491217006,97,2.0,11.0
player_1,610,693,1765491216963,1765491217058,95,2.0,11.0
player_1,611,694,1765491217016,1765491217118,102,2.0,11.0
player_1,612,695,1765491217071,1765491217163,92,2.0,11.0
player_1,613,696,1765491217124,1765491217251,127,2.0,12.0
player_1,614,697,1765491217177,1765491217290,113,2.0,12.0
player_1,615,698,1765491217230,1765491217360,130,2.0,12.0
player_1,616,699,1765491217282,1765491217385,103,1.0,12.0
player_1,0,0,1765491217342,1765491217442,100,1.0,12.0
player_1,617,700,1765491217333,1765491217442,109,1.0,12.0
player_1,0,0,1765491217342,1765491217447,105,1.0,12.0
player_1,618,701,1765491217384,1765491217483,99,1.0,12.0
player_1,619,702,1765491217438,1765491217533,95,1.0,12.0
player_1,0,0,1765491217460,1765491217572,112,1.0,12.0
player_1,0,0,1765491217460,1765491217572,112,1.0,12.0
player_1,620,703,1765491217491,1765491217616,125,0.0,12.0
player_1,621,705,1765491217545,1765491217649,104,0.0,12.0
player_1,622,706,1765491217610,1765491217702,92,0.0,12.0
player_1,623,707,1765491217665,1765491217768,103,0.0,12.0
player_1,624,708,1765491217716,1765491217812,96,1.0,12.0
player_1,625,709,1765491217804,1765491217917,113,1.0,12.0
player_1,626,711,1765491217860,1765491218001,141,1.0,12.0
player_1,627,712,1765491217926,1765491218035,109,1.0,13.0
player_1,628,713,1765491218008,1765491218107,99,1.0,13.0
player_1,629,714,1765491218040,1765491218146,106,1.0,13.0
player_1,630,715,1765491218113,1765491218216,103,1.0,13.0
player_1,631,716,1765491218169,1765491218269,100,1.0,13.0
player_1,632,717,1765491218241,1765491218342,101,1.0,13.0
player_1,633,718,1765491218291,1765491218386,95,1.0,13.0
player_1,634,719,1765491218350,1765491218450,100,2.0,13.0
player_1,0,720,1765491218375,1765491218475,100,2.0,13.0
player_1,0,0,1765491218374,1765491218484,110,2.0,13.0
player_1,635,721,1765491218401,1765491218507,106,2.0,13.0
player_1,636,722,1765491218452,1765491218555,103,2.0,13.0
player_1,0,0,1765491218495,1765491218595,100,2.0,13.0
player_1,0,0,1765491218495,1765491218604,109,2.0,13.0
player_1,637,724,1765491218527,1765491218635,108,2.0,13.0
player_1,638,725,1765491218578,1765491218670,92,2.0,13.0
player_1,639,726,1765491218632,1765491218743,111,2.0,13.0
player_1,640,727,1765491218682,1765491218782,100,2.0,13.0
player_1,641,728,1765491218746,1765491218851,105,2.0,13.0
player_1,642,729,1765491218798,1765491218896,98,2.0,13.0
player_1,643,731,1765491218859,1765491218963,104,2.0,13.0
player_1,644,733,1765491218903,1765491219011,108,2.0,13.0
player_1,645,734,1765491218958,1765491219070,112,2.0,13.0
player_1,646,735,1765491219013,1765491219115,102,2.0,13.0
player_1,647,736,1765491219068,1765491219164,96,2.0,13.0
player_1,648,737,1765491219127,1765491219231,104,2.0,13.0
player_1,649,738,1765491219179,1765491219294,115,2.0,13.0
player_1,650,739,1765491219231,1765491219326,95,2.0,13.0
player_1,651,740,1765491219300,1765491219414,114,2.0,13.0
player_1,652,741,1765491219350,1765491219462,112,2.0,13.0
player_1,0,0,1765491219360,1765491219469,109,2.0,14.0
player_1,0,0,1765491219360,1765491219470,110,2.0,14.0
player_1,653,742,1765491219409,1765491219503,94,2.0,14.0
player_1,654,743,1765491219465,1765491219564,99,2.0,14.0
player_1,0,0,1765491219469,1765491219610,141,2.0,14.0
player_1,0,0,1765491219469,1765491219610,141,2.0,14.0
player_1,655,744,1765491219518,1765491219643,125,2.0,14.0
player_1,656,745,1765491219572,1765491219684,112,1.0,14.0
player_1,657,746,1765491219625,1765491219722,97,1.0,14.0
player_1,658,747,1765491219677,1765491219788,111,1.0,14.0
player_1,659,748,1765491219730,1765491219843,113,1.0,14.0
player_1,660,749,1765491219788,1765491219901,113,2.0,14.0
player_1,661,750,1765491219846,1765491219951,105,2.0,14.0
player_1,662,753,1765491219910,1765491220008,98,2.0,14.0
player_1,663,754,1765491220000,1765491220103,103,3.0,14.0
player_1,664,755,1765491220016,1765491220109,93,3.0,14.0
player_1,665,756,1765491220067,1765491220165,98,3.0,14.0
player_1,666,757,1765491220119,1765491220223,104,3.0,14.0
player_1,667,758,1765491220170,1765491220279,109,3.0,14.0
player_1,668,759,1765491220220,1765491220319,99,3.0,14.0
player_1,669,760,1765491220271,1765491220386,115,3.0,14.0
player_1,670,761,1765491220324,1765491220423,99,3.0,14.0
player_1,0,0,1765491220366,1765491220466,100,3.0,14.0
player_1,0,762,1765491220366,1765491220469,103,3.0,14.0
player_1,671,763,1765491220375,1765491220476,101,3.0,14.0
player_1,672,764,1765491220426,1765491220531,105,3.0,13.0
player_1,0,0,1765491220482,1765491220574,92,3.0,13.0
player_1,0,0,1765491220482,1765491220585,103,3.0,13.0
player_1,673,765,1765491220479,1765491220592,113,3.0,13.0
player_1,674,766,1765491220543,1765491220641,98,3.0,13.0
player_1,675,767,1765491220594,1765491220699,105,3.0,13.0
player_1,676,768,1765491220644,1765491220738,94,3.0,14.0
player_1,677,769,1765491220698,1765491220805,107,3.0,14.0
player_1,678,770,1765491220750,1765491220847,97,3.0,14.0
player_1,679,771,1765491220809,1765491220904,95,3.0,14.0
player_1,680,772,1765491220866,1765491220974,108,4.0,14.0
player_1,681,775,1765491220916,1765491221024,108,4.0,14.0
player_1,682,776,1765491220970,1765491221080,110,4.0,14.0
player_1,683,777,1765491221024,1765491221116,92,4.0,14.0
player_1,684,778,1765491221082,1765491221180,98,4.0,14.0
player_1,685,779,1765491221141,1765491221252,111,4.0,14.0
player_1,686,780,1765491221186,1765491221289,103,4.0,14.0
player_1,687,781,1765491221238,1765491221347,109,4.0,14.0
player_1,688,782,1765491221293,1765491221398,105,5.0,14.0
player_1,689,783,1765491221347,1765491221444,97,5.0,14.0
player_1,0,0,1765491221392,1765491221487,95,5.0,14.0
player_1,0,0,1765491221392,1765491221492,100,5.0,14.0
player_1,690,784,1765491221408,1765491221506,98,5.0,14.0
player_1,691,785,1765491221454,1765491221556,102,5.0,14.0
player_1,0,0,1765491221506,1765491221605,99,5.0,14.0
player_1,692,786,1765491221508,1765491221610,102,5.0,14.0
player_1,0,0,1765491221506,1765491221637,131,5.0,14.0
player_1,693,787,1765491221559,1765491221651,92,5.0,14.0
player_1,694,788,1765491221619,1765491221734,115,5.0,14.0
player_1,695,789,1765491221675,1765491221772,97,5.0,14.0
player_1,696,790,1765491221731,1765491221840,109,5.0,15.0
player_1,697,791,1765491221783,1765491221898,115,5.0,15.0
player_1,698,792,1765491221837,1765491221947,110,5.0,15.0
player_1,699,795,1765491221910,1765491222012,102,5.0,15.0
player_1,700,796,1765491221971,1765491222077,106,5.0,15.0
player_1,701,797,1765491222030,1765491222131,101,5.0,15.0
player_1,702,798,1765491222080,1765491222173,93,5.0,15.0
player_1,703,799,1765491222131,1765491222223,92,5.0,16.0
player_1,704,800,1765491222185,1765491222287,102,5.0,16.0
player_1,705,801,1765491222240,1765491222336,96,5.0,16.0
player_1,706,802,1765491222291,1765491222401,110,5.0,16.0
player_1,707,803,1765491222345,1765491222439,94,5.0,16.0
player_1,0,804,1765491222396,1765491222495,99,5.0,16.0
player_1,0,0,1765491222396,1765491222504,108,5.0,16.0
player_1,708,805,1765491222397,1765491222504,107,5.0,16.0
player_1,709,806,1765491222448,1765491222558,110,5.0,16.0
player_1,710,807,1765491222499,1765491222612,113,5.0,16.0
player_1,0,0,1765491222512,1765491222656,144,5.0,16.0
player_1,0,0,1765491222512,1765491222657,145,5.0,16.0
player_1,711,808,1765491222564,1765491222672,108,4.0,16.0
player_1,712,809,1765491222642,1765491222773,131,4.0,16.0
player_1,713,810,1765491222741,1765491222840,99,4.0,16.0
player_1,0,804,1765491222396,1765491222859,463,4.0,16.0
player_1,714,811,1765491222830,1765491222992,162,4.0,15.0
player_1,715,812,1765491222954,1765491223065,111,4.0,15.0
player_1,716,813,1765491223055,1765491223162,107,5.0,16.0
player_1,717,815,1765491223155,1765491223250,95,5.0,16.0
player_1,718,816,1765491223176,1765491223278,102,5.0,16.0
player_1,719,817,1765491223220,1765491223322,102,6.0,16.0
player_1,720,818,1765491223276,1765491223371,95,4.0,15.0
player_1,721,819,1765491223352,1765491223455,103,4.0,15.0
player_1,722,820,1765491223397,1765491223531,134,3.0,15.0
player_1,0,0,1765491223426,1765491223540,114,3.0,15.0
player_1,0,821,1765491223426,1765491223540,114,3.0,15.0
player_1,723,822,1765491223444,1765491223545,101,3.0,15.0
player_1,724,823,1765491223495,1765491223625,130,6.0,16.0
player_1,0,0,1765491223505,1765491223630,125,6.0,16.0
player_1,0,0,1765491223505,1765491223631,126,6.0,16.0
player_1,725,824,1765491223549,1765491223679,130,6.0,16.0
player_1,0,0,1765491223622,1765491223719,97,6.0,16.0
player_1,0,0,1765491223622,1765491223719,97,6.0,16.0
player_1,726,825,1765491223621,1765491223724,103,6.0,16.0
player_1,0,821,1765491223426,1765491223756,330,6.0,16.0
player_1,727,826,1765491223694,1765491223803,109,6.0,16.0
player_1,728,827,1765491223755,1765491223892,137,3.0,15.0
player_1,729,828,1765491223812,1765491223919,107,3.0,15.0
player_1,730,829,1765491223876,1765491223979,103,3.0,14.0
player_1,731,831,1765491223949,1765491224058,109,6.0,16.0
player_1,732,832,1765491223988,1765491224086,98,6.0,16.0
player_1,733,833,1765491224038,1765491224131,93,6.0,16.0
player_1,734,834,1765491224090,1765491224193,103,5.0,16.0
player_1,735,835,1765491224149,1765491224260,111,3.0,14.0
player_1,736,836,1765491224200,1765491224300,100,3.0,14.0
player_1,737,837,1765491224256,1765491224364,108,3.0,15.0
player_1,738,838,1765491224312,1765491224416,104,5.0,16.0
player_1,739,839,1765491224367,1765491224469,102,5.0,16.0
player_1,0,0,1765491224405,1765491224504,99,5.0,16.0
player_1,0,0,1765491224405,1765491224517,112,5.0,16.0
player_1,740,840,1765491224415,1765491224521,106,5.0,16.0
player_1,741,841,1765491224501,1765491224598,97,5.0,16.0
player_1,0,0,1765491224518,1765491224621,103,3.0,15.0
player_1,0,0,1765491224519,1765491224637,118,3.0,15.0
player_1,742,842,1765491224559,1765491224667,108,3.0,15.0
player_1,743,843,1765491224654,1765491224769,115,3.0,15.0
player_1,744,844,1765491224734,1765491224859,125,3.0,16.0
player_1,745,845,1765491224792,1765491224896,104,3.0,16.0
player_1,746,846,1765491224842,1765491224946,104,3.0,16.0
player_1,747,847,1765491224927,1765491225038,111,2.0,16.0
player_1,748,850,1765491224976,1765491225084,108,5.0,16.0
player_1,749,851,1765491225038,1765491225134,96,5.0,16.0
player_1,750,852,1765491225094,1765491225192,98,5.0,16.0
player_1,751,853,1765491225145,1765491225247,102,3.0,16.0
player_1,752,854,1765491225196,1765491225311,115,3.0,16.0
player_1,753,855,1765491225247,1765491225357,110,3.0,16.0
player_1,754,856,1765491225298,1765491225408,110,3.0,16.0
player_1,755,857,1765491225358,1765491225466,108,2.0,16.0
player_1,756,858,1765491225407,1765491225514,107,5.0,17.0
player_1,0,0,1765491225432,1765491225526,94,5.0,17.0
player_1,0,0,1765491225432,1765491225540,108,5.0,17.0
player_1,757,859,1765491225460,1765491225558,98,5.0,17.0
player_1,758,860,1765491225510,1765491225627,117,5.0,17.0
player_1,0,0,1765491225533,1765491225649,116,4.0,17.0
player_1,0,0,1765491225533,1765491225649,116,4.0,17.0
player_1,759,861,1765491225571,1765491225667,96,4.0,17.0
player_1,760,862,1765491225663,1765491225761,98,2.0,16.0
player_1,761,863,1765491225683,1765491225780,97,2.0,16.0
player_1,0,0,1765491225681,1765491225783,102,2.0,16.0
player_1,0,0,1765491225681,1765491225791,110,2.0,16.0
player_1,762,864,1765491225734,1765491225840,106,1.0,16.0
player_1,763,865,1765491225791,1765491225888,97,1.0,16.0
player_1,764,866,1765491225854,1765491225954,100,4.0,17.0
player_1,765,867,1765491225905,1765491226012,107,4.0,17.0
player_1,766,869,1765491225956,1765491226064,108,3.0,17.0
player_1,767,870,1765491226007,1765491226105,98,1.0,16.0
player_1,768,871,1765491226059,1765491226167,108,1.0,16.0
player_1,769,872,1765491226112,1765491226259,147,0.0,16.0
player_1,770,873,1765491226161,1765491226269,108,0.0,16.0
player_1,771,874,1765491226221,1765491226318,97,0.0,16.0
player_1,772,875,1765491226268,1765491226366,98,3.0,17.0
player_1,773,876,1765491226323,1765491226426,103,3.0,17.0
player_1,774,877,1765491226382,1765491226487,105,3.0,16.0
player_1,0,878,1765491226431,1765491226528,97,0.0,16.0
player_1,0,0,1765491226431,1765491226545,114,0.0,16.0
player_1,775,879,1765491226435,1765491226545,110,0.0,16.0
player_1,776,880,1765491226487,1765491226591,104,0.0,16.0
player_1,777,881,1765491226540,1765491226645,105,0.0,16.0
player_1,0,0,1765491226544,1765491226669,125,0.0,16.0
player_1,0,0,1765491226544,1765491226669,125,0.0,16.0
player_1,778,882,1765491226606,1765491226699,93,0.0,16.0
player_1,779,883,1765491226657,1765491226752,95,3.0,16.0
player_1,780,884,1765491226712,1765491226824,112,3.0,16.0
player_1,781,885,1765491226764,1765491226874,110,3.0,16.0
player_1,782,886,1765491226814,1765491226917,103,4.0,16.0
player_1,783,887,1765491226866,1765491226964,98,0.0,16.0
player_1,784,888,1765491226918,1765491227028,110,0.0,16.0
player_1,785,889,1765491226974,1765491227070,96,0.0,16.0
player_1,786,891,1765491227025,1765491227121,96,0.0,17.0
player_1,787,892,1765491227076,1765491227171,95,4.0,16.0
player_1,788,893,1765491227128,1765491227239,111,4.0,16.0
player_1,789,894,1765491227179,1765491227272,93,4.0,16.0
player_1,790,895,1765491227230,1765491227333,103,5.0,16.0
player_1,791,896,1765491227302,1765491227399,97,0.0,17.0
player_1,792,897,1765491227338,1765491227438,100,0.0,17.0
player_1,793,898,1765491227389,1765491227498,109,0.0,17.0
player_1,794,899,1765491227442,1765491227551,109,0.0,17.0
player_1,0,0,1765491227452,1765491227564,112,0.0,17.0
player_1,0,0,1765491227452,1765491227564,112,0.0,17.0
player_1,795,900,1765491227508,1765491227608,100,5.0,16.0
player_1,796,901,1765491227553,1765491227650,97,5.0,16.0
player_1,0,0,1765491227561,1765491227679,118,5.0,16.0
player_1,0,0,1765491227561,1765491227679,118,5.0,16.0
player_1,797,902,1765491227614,1765491227716,102,5.0,16.0
player_1,798,903,1765491227661,1765491227771,110,4.0,16.0
player_1,799,904,1765491227728,1765491227831,103,0.0,17.0
player_1,800,905,1765491227777,1765491227874,97,0.0,17.0
player_1,801,906,1765491227830,1765491227930,100,0.0,17.0
player_1,802,907,1765491227881,1765491227989,108,4.0,16.0
player_1,803,908,1765491227935,1765491228038,103,4.0,16.0
player_1,804,910,1765491227989,1765491228094,105,4.0,16.0
player_1,805,911,1765491228041,1765491228134,93,4.0,16.0
player_1,806,912,1765491228094,1765491228186,92,0.0,17.0
player_1,807,913,1765491228147,1765491228251,104,0.0,17.0
player_1,808,914,1765491228199,1765491228304,105,0.0,17.0
player_1,809,915,1765491228251,1765491228358,107,0.0,17.0
player_1,810,916,1765491228318,1765491228414,96,4.0,16.0
player_1,811,917,1765491228353,1765491228461,108,4.0,16.0
player_1,812,918,1765491228410,1765491228517,107,4.0,16.0
player_1,813,920,1765491228462,1765491228558,96,4.0,17.0
player_1,0,0,1765491228461,1765491228558,97,4.0,17.0
player_1,0,919,1765491228461,1765491228572,111,4.0,17.0
player_1,814,921,1765491228517,1765491228623,106,0.0,17.0
player_1,815,922,1765491228572,1765491228676,104,0.0,17.0
player_1,0,0,1765491228575,1765491228681,106,0.0,17.0
player_1,0,0,1765491228575,1765491228681,106,0.0,17.0
player_1,816,923,1765491228625,1765491228744,119,0.0,17.0
player_1,817,924,1765491228678,1765491228779,101,0.0,18.0
player_1,818,925,1765491228738,1765491228845,107,4.0,17.0
player_1,819,926,1765491228807,1765491228905,98,4.0,17.0
player_1,820,927,1765491228860,1765491228966,106,4.0,17.0
player_1,821,928,1765491228913,1765491229016,103,3.0,17.0
player_1,822,929,1765491228964,1765491229063,99,0.0,18.0
player_1,823,930,1765491229018,1765491229117,99,0.0,18.0
