client_id,snapshot_id,seq_num,server_timestamp_ms,recv_time_ms,latency_ms,render_x,render_y
unknown_4735,0,0,1765032503303,1765032503303,0,0,0
player_2,0,0,1765032503305,1765032503305,0,0.0,1.0
player_2,0,71,1765032503305,1765032503305,0,0.0,1.0
player_2,70,72,1765032503347,1765032503348,1,0.0,1.0
player_2,71,73,1765032503397,1765032503398,1,0.0,1.0
player_2,72,74,1765032503448,1765032503448,0,0.0,1.488
player_2,73,75,1765032503498,1765032503498,0,0.0,1.737856
player_2,74,76,1765032503549,1765032503549,0,0.0,1.8657822720000001
player_2,75,77,1765032503599,1765032503600,1,0.0,1.931280523264
player_2,76,78,1765032503649,1765032503650,1,0.0,1.4768156279111682
player_2,77,79,1765032503700,1765032503700,0,0.0,1.244129601490518
player_2,78,80,1765032503751,1765032503751,0,0.0,1.1249943559631452
player_2,79,81,1765032503801,1765032503801,0,0.0,1.0639971102531303
player_2,80,82,1765032503853,1765032503853,0,0.0,0.5447665204496027
player_2,81,84,1765032503904,1765032503904,0,0.0,0.2789204584701966
player_2,82,85,1765032503954,1765032503954,0,0.0,0.14280727473674065
player_2,83,86,1765032504005,1765032504005,0,0.0,0.07311732466521122
player_2,84,87,1765032504055,1765032504055,0,0.0,0.5254360702285882
player_2,85,88,1765032504105,1765032504106,1,0.0,0.7570232679570371
player_2,86,89,1765032504156,1765032504157,1,0.0,0.875595913194003
player_2,87,90,1765032504207,1765032504207,0,0.0,0.9363051075553296
player_2,88,91,1765032504258,1765032504258,0,0.0,0.9673882150683288
player_2,89,92,1765032504309,1765032504309,0,0.0,0.9833027661149844
player_2,0,0,1765032504311,1765032504312,1,0.0,0.9866422128919875
player_2,0,93,1765032504312,1765032504312,0,0.0,0.9866422128919875
player_2,90,95,1765032504359,1765032504359,0,0.0,1.0
player_2,91,96,1765032504409,1765032504410,1,0.0,1.0
player_2,92,97,1765032504460,1765032504460,0,0.0,1.0
player_2,93,98,1765032504510,1765032504511,1,0.0,1.0
player_2,94,99,1765032504561,1765032504561,0,0.0,1.0
player_2,95,100,1765032504611,1765032504611,0,0.0,1.0
player_2,96,101,1765032504661,1765032504662,1,0.0,0.512
player_2,97,102,1765032504712,1765032504712,0,0.0,0.26214400000000004
player_2,98,103,1765032504763,1765032504763,0,0.0,0.10737418240000003
player_2,99,105,1765032504814,1765032504814,0,0.0,0.05497558138880001
player_2,100,106,1765032504864,1765032504865,1,0.0,0.5161474976710656
player_2,101,108,1765032504915,1765032504915,0,0.0,0.7522675188075856
player_2,102,109,1765032504966,1765032504966,0,0.0,0.8731609696294838
player_2,103,110,1765032505016,1765032505016,0,0.0,0.9350584164502956
player_2,104,111,1765032505066,1765032505067,1,0.0,0.9667499092225513
player_2,105,112,1765032505117,1765032505117,0,0.0,0.9829759535219462
player_2,106,113,1765032505168,1765032505168,0,0.0,1.0
player_2,107,114,1765032505218,1765032505218,0,0.0,1.0
player_2,108,115,1765032505268,1765032505269,1,0.0,1.0
player_2,0,0,1765032505315,1765032505315,0,0.0,1.0
player_2,0,116,1765032505315,1765032505315,0,0.0,1.0
player_2,109,117,1765032505319,1765032505319,0,0.0,1.0
player_2,110,119,1765032505370,1765032505370,0,0.0,1.0
player_2,111,120,1765032505420,1765032505421,1,0.0,1.0
player_2,112,121,1765032505471,1765032505471,0,0.0,1.0
player_2,113,122,1765032505521,1765032505521,0,0.0,1.0
player_2,114,123,1765032505572,1765032505572,0,0.0,1.0
player_2,115,124,1765032505622,1765032505622,0,0.0,1.0
player_2,116,125,1765032505673,1765032505673,0,0.0,1.0
player_2,117,126,1765032505724,1765032505724,0,0.0,1.0
player_2,118,127,1765032505774,1765032505775,1,0.0,1.0
player_2,119,128,1765032505825,1765032505825,0,0.0,1.0
player_2,120,129,1765032505875,1765032505875,0,0.0,1.0
player_2,121,131,1765032505925,1765032505926,1,0.0,1.0
player_2,122,132,1765032505976,1765032505976,0,0.0,1.0
player_2,123,133,1765032506026,1765032506027,1,0.0,1.0
player_2,124,134,1765032506077,1765032506077,0,0.0,1.0
player_2,125,135,1765032506127,1765032506127,0,0.0,1.0
player_2,126,136,1765032506178,1765032506178,0,0.0,1.0
player_2,127,137,1765032506228,1765032506228,0,0.0,1.0
player_2,128,138,1765032506278,1765032506279,1,0.0,1.0
player_2,0,0,1765032506321,1765032506321,0,0.0,1.0
player_2,0,139,1765032506321,1765032506321,0,0.0,1.0
player_2,129,140,1765032506329,1765032506329,0,0.0,1.0
player_2,130,142,1765032506379,1765032506379,0,0.0,1.0
player_2,131,143,1765032506430,1765032506431,1,0.0,1.0
player_2,132,144,1765032506481,1765032506481,0,0.0,1.0
player_2,133,145,1765032506531,1765032506532,1,0.0,1.0
player_2,134,146,1765032506582,1765032506582,0,0.0,1.0
player_2,135,147,1765032506632,1765032506632,0,0.0,1.0
player_2,136,148,1765032506683,1765032506683,0,0.488,1.0
player_2,137,149,1765032506733,1765032506734,1,0.7378560000000001,1.0
player_2,138,150,1765032506784,1765032506785,1,0.865782272,1.0
player_2,139,151,1765032506835,1765032506836,1,0.931280523264,1.0
player_2,140,152,1765032506886,1765032506886,0,0.47681562791116805,1.0
player_2,141,153,1765032506936,1765032506936,0,0.24412960149051804,1.0
player_2,142,154,1765032506986,1765032506987,1,0.12499435596314523,1.0
player_2,143,155,1765032507037,1765032507037,0,0.06399711025313036,1.0
player_2,144,156,1765032507088,1765032507088,0,0.5207665204496028,1.0
player_2,145,157,1765032507138,1765032507138,0,0.7546324584701967,1.0
player_2,146,158,1765032507188,1765032507188,0,0.8743718187367407,1.0
player_2,147,159,1765032507239,1765032507239,0,0.9356783711932113,1.0
player_2,148,160,1765032507289,1765032507289,0,0.9670673260509242,0.512
player_2,0,0,1765032507325,1765032507325,0,0.9831384709380732,0.26214400000000004
player_2,0,161,1765032507325,1765032507325,0,0.9831384709380732,0.26214400000000004
player_2,149,162,1765032507340,1765032507340,0,0.9831384709380732,0.26214400000000004
player_2,150,163,1765032507390,1765032507390,0,1.0,0.13421772800000004
player_2,151,164,1765032507440,1765032507441,1,1.0,0.06871947673600001
player_2,152,165,1765032507491,1765032507491,0,1.0,0.035184372088832
player_2,153,166,1765032507541,1765032507541,0,1.0,0.018014398509481985
player_2,154,167,1765032507592,1765032507592,0,1.0,0.0
player_2,155,168,1765032507643,1765032507643,0,1.0,0.0
player_2,156,169,1765032507693,1765032507694,1,1.0,0.0
player_2,157,170,1765032507744,1765032507744,0,1.0,0.0
player_2,158,171,1765032507795,1765032507795,0,1.0,0.0
player_2,159,173,1765032507845,1765032507846,1,1.0,0.0
player_2,160,174,1765032507896,1765032507896,0,1.0,0.0
player_2,161,175,1765032507946,1765032507947,1,1.0,0.0
player_2,162,176,1765032507996,1765032507997,1,1.0,0.0
player_2,163,177,1765032508047,1765032508048,1,1.0,0.0
player_2,164,178,1765032508098,1765032508098,0,1.0,0.488
player_2,165,179,1765032508148,1765032508148,0,1.0,0.7378560000000001
player_2,166,180,1765032508198,1765032508199,1,1.0,0.865782272
player_2,167,181,1765032508249,1765032508249,0,1.0,0.931280523264
player_2,168,182,1765032508300,1765032508300,0,0.512,0.9648156279111679
player_2,0,0,1765032508329,1765032508329,0,0.32768,0.9774820018631475
player_2,0,183,1765032508329,1765032508329,0,0.32768,0.9774820018631475
player_2,169,184,1765032508350,1765032508350,0,0.26214400000000004,0.981985601490518
player_2,170,186,1765032508401,1765032508401,0,0.13421772800000004,1.0
player_2,171,187,1765032508451,1765032508452,1,0.06871947673600001,1.0
player_2,172,188,1765032508502,1765032508502,0,0.035184372088832,1.488
player_2,173,189,1765032508553,1765032508553,0,0.018014398509481985,1.737856
player_2,174,190,1765032508604,1765032508604,0,0.0,1.8657822720000001
player_2,175,191,1765032508655,1765032508655,0,0.0,1.931280523264
player_2,176,192,1765032508705,1765032508705,0,0.0,2.452815627911168
player_2,177,193,1765032508756,1765032508756,0,0.0,2.719841601490518
player_2,178,195,1765032508807,1765032508807,0,0.0,2.856558899963145
player_2,179,196,1765032508858,1765032508858,0,0.0,2.9265581567811303
player_2,180,197,1765032508908,1765032508909,1,0.488,2.9623977762719385
player_2,181,198,1765032508959,1765032508959,0,0.7378560000000001,2.9807476614512325
player_2,182,199,1765032509010,1765032509010,0,0.865782272,3.0
player_2,183,200,1765032509060,1765032509061,1,0.931280523264,3.0
player_2,184,201,1765032509111,1765032509111,0,0.47681562791116805,3.0
player_2,185,202,1765032509161,1765032509161,0,0.24412960149051804,3.0
player_2,186,203,1765032509212,1765032509212,0,0.12499435596314523,3.0
player_2,187,204,1765032509262,1765032509263,1,0.05119768820250429,3.0
player_2,188,205,1765032509313,1765032509314,1,0.5142132163596822,3.0
player_2,0,0,1765032509330,1765032509330,0,0.6113705730877458,3.0
player_2,0,206,1765032509330,1765032509330,0,0.6113705730877458,3.0
player_2,189,208,1765032509365,1765032509365,0,0.7512771667761573,3.0
player_2,190,209,1765032509415,1765032509415,0,0.8726539093893926,3.0
player_2,191,210,1765032509466,1765032509466,0,0.934798801607369,3.0
player_2,192,211,1765032509516,1765032509516,0,0.9666169864229729,3.4880000000000004
player_2,193,212,1765032509567,1765032509567,0,0.9829078970485621,3.737856
player_2,194,213,1765032509617,1765032509618,1,1.0,3.8657822719999997
player_2,195,214,1765032509668,1765032509668,0,1.0,3.931280523264
player_2,196,215,1765032509718,1765032509718,0,1.0,3.4768156279111677
player_2,197,216,1765032509769,1765032509769,0,1.0,3.244129601490518
player_2,198,218,1765032509819,1765032509819,0,1.0,3.1249943559631452
player_2,199,219,1765032509870,1765032509870,0,1.0,3.0639971102531303
player_2,200,221,1765032509921,1765032509921,0,1.0,3.5207665204496026
player_2,201,222,1765032509971,1765032509972,1,1.0,3.754632458470197
player_2,202,223,1765032510022,1765032510022,0,1.0,3.874371818736741
player_2,203,224,1765032510072,1765032510072,0,1.0,3.9356783711932115
player_2,204,225,1765032510122,1765032510123,1,1.0,3.967067326050924
player_2,205,226,1765032510173,1765032510173,0,1.0,4.471138470938073
player_2,206,227,1765032510224,1765032510224,0,1.0,4.729222897120293
player_2,207,228,1765032510274,1765032510274,0,1.0,4.8613621233255895
player_2,208,229,1765032510325,1765032510325,0,1.0,4.929017407142702
player_2,0,0,1765032510335,1765032510335,0,0.8,4.943213925714161
player_2,0,230,1765032510335,1765032510335,0,0.8,4.943213925714161
player_2,209,232,1765032510376,1765032510376,0,0.512,4.963656912457063
player_2,210,233,1765032510427,1765032510427,0,0.26214400000000004,4.981392339178017
player_2,211,234,1765032510477,1765032510478,1,0.13421772800000004,5.0
player_2,212,235,1765032510528,1765032510528,0,0.06871947673600001,5.0
player_2,213,236,1765032510579,1765032510579,0,0.035184372088832,5.488
player_2,214,237,1765032510630,1765032510630,0,0.018014398509481985,5.737856000000001
player_2,215,238,1765032510680,1765032510681,1,0.0,5.865782272
player_2,216,239,1765032510731,1765032510732,1,0.0,5.931280523264
player_2,217,240,1765032510782,1765032510782,0,0.0,6.452815627911169
player_2,218,242,1765032510832,1765032510832,0,0.0,6.7198416014905185
player_2,219,243,1765032510883,1765032510883,0,0.0,6.8565588999631455
player_2,220,245,1765032510933,1765032510933,0,0.0,6.438558156781131
player_2,221,246,1765032510983,1765032510984,1,0.0,6.224541776271939
player_2,222,247,1765032511034,1765032511034,0,0.0,6.114965389451233
player_2,223,248,1765032511084,1765032511084,0,0.0,6.058862279399031
player_2,224,249,1765032511135,1765032511135,0,0.0,5.542137487052304
player_2,225,250,1765032511185,1765032511185,0,0.0,5.277574393370779
player_2,226,251,1765032511236,1765032511236,0,0.0,5.1136944715246715
player_2,227,252,1765032511286,1765032511287,1,0.0,5.0582115694206315
player_2,228,253,1765032511337,1765032511337,0,0.0,5.029804323543364
player_2,0,0,1765032511338,1765032511338,0,0.0,5.029804323543364
player_2,0,254,1765032511338,1765032511338,0,0.0,5.029804323543364
player_2,229,256,1765032511387,1765032511387,0,0.0,5.015259813654202
player_2,230,257,1765032511437,1765032511438,1,0.0,5.0
player_2,231,258,1765032511488,1765032511489,1,0.0,5.0
player_2,232,259,1765032511539,1765032511540,1,0.0,5.488
player_2,233,260,1765032511590,1765032511590,0,0.0,5.737856000000001
player_2,234,261,1765032511640,1765032511640,0,0.0,5.865782272
player_2,235,262,1765032511691,1765032511691,0,0.0,5.931280523264
player_2,236,263,1765032511741,1765032511742,1,0.0,6.452815627911169
player_2,237,264,1765032511792,1765032511793,1,0.0,6.7198416014905185
player_2,238,265,1765032511843,1765032511843,0,0.0,6.8565588999631455
player_2,239,266,1765032511893,1765032511894,1,0.0,6.926558156781131
player_2,240,268,1765032511944,1765032511944,0,0.488,6.962397776271939
player_2,241,269,1765032511994,1765032511994,0,0.7378560000000001,6.980747661451233
player_2,242,270,1765032512045,1765032512045,0,0.865782272,7.0
player_2,243,271,1765032512095,1765032512095,0,0.931280523264,7.0
player_2,244,272,1765032512145,1765032512146,1,0.9648156279111679,6.512
player_2,245,273,1765032512196,1765032512196,0,0.981985601490518,6.262143999999999
player_2,246,274,1765032512246,1765032512246,0,1.0,6.134217728
player_2,247,275,1765032512296,1765032512297,1,1.0,6.068719476736
player_2,0,0,1765032512343,1765032512343,0,1.0,6.035184372088832
player_2,0,0,1765032512343,1765032512343,0,1.0,6.035184372088832
player_2,248,276,1765032512347,1765032512347,0,1.0,6.035184372088832
player_2,249,277,1765032512397,1765032512398,1,1.0,6.018014398509482
player_2,250,278,1765032512448,1765032512448,0,1.0,6.0
player_2,251,279,1765032512498,1765032512498,0,1.0,6.0
player_2,252,280,1765032512548,1765032512549,1,1.0,6.488
player_2,253,281,1765032512599,1765032512599,0,1.0,6.737856000000001
player_2,254,282,1765032512649,1765032512649,0,1.0,6.865782272
player_2,255,283,1765032512700,1765032512700,0,1.0,6.931280523264
player_2,256,284,1765032512750,1765032512751,1,1.0,7.452815627911169
player_2,257,285,1765032512801,1765032512801,0,1.0,7.7198416014905185
player_2,258,287,1765032512851,1765032512852,1,1.0,7.8565588999631455
player_2,259,288,1765032512902,1765032512902,0,1.0,7.926558156781131
player_2,260,290,1765032512952,1765032512952,0,1.0,7.962397776271939
player_2,261,291,1765032513003,1765032513003,0,1.0,8.468747661451234
player_2,262,292,1765032513053,1765032513053,0,1.0,8.727998802663032
player_2,263,293,1765032513103,1765032513104,1,1.0,8.860735386963473
player_2,264,294,1765032513154,1765032513154,0,1.0,8.928696518125298
player_2,265,295,1765032513204,1765032513205,1,1.0,8.963492617280153
player_2,266,296,1765032513255,1765032513255,0,1.0,8.981308220047438
player_2,267,297,1765032513306,1765032513306,0,1.0,9.0
player_2,0,0,1765032513348,1765032513349,1,1.0,9.0
player_2,0,298,1765032513349,1765032513349,0,1.0,9.0
player_2,268,299,1765032513357,1765032513357,0,1.0,9.0
player_2,269,300,1765032513407,1765032513408,1,1.488,9.0
player_2,270,301,1765032513457,1765032513458,1,1.737856,9.0
player_2,271,302,1765032513508,1765032513508,0,1.8657822720000001,9.0
player_2,272,303,1765032513558,1765032513559,1,1.931280523264,9.0
player_2,273,304,1765032513609,1765032513609,0,2.452815627911168,9.0
player_2,274,305,1765032513659,1765032513659,0,2.719841601490518,9.0
player_2,275,306,1765032513710,1765032513710,0,2.856558899963145,9.0
player_2,276,307,1765032513760,1765032513761,1,2.9265581567811303,9.0
player_2,277,308,1765032513811,1765032513811,0,3.450397776271939,9.0
player_2,278,310,1765032513862,1765032513862,0,3.7186036614512323,9.0
player_2,279,311,1765032513912,1765032513912,0,3.855925074663031,9.0
player_2,280,313,1765032513963,1765032513963,0,3.9262336382274716,9.0
player_2,281,314,1765032514014,1765032514014,0,3.9622316227724657,8.512
player_2,282,315,1765032514064,1765032514064,0,3.9806625908595024,8.262144000000001
player_2,283,316,1765032514114,1765032514115,1,4.0,8.134217728000001
player_2,284,317,1765032514165,1765032514166,1,4.0,8.068719476736002
player_2,285,318,1765032514216,1765032514217,1,4.0,8.035184372088832
player_2,286,319,1765032514267,1765032514267,0,4.0,8.018014398509482
player_2,287,320,1765032514317,1765032514318,1,4.0,8.0
player_2,0,0,1765032514352,1765032514352,0,4.0,8.0
player_2,0,0,1765032514352,1765032514352,0,4.0,8.0
player_2,288,321,1765032514368,1765032514368,0,4.0,8.0
player_2,289,323,1765032514419,1765032514419,0,4.0,7.512
player_2,290,324,1765032514470,1765032514470,0,4.0,7.262143999999999
player_2,291,325,1765032514520,1765032514521,1,4.0,7.134217728
player_2,292,326,1765032514571,1765032514571,0,4.0,7.068719476736
player_2,293,327,1765032514621,1765032514622,1,4.0,7.523184372088832
player_2,294,328,1765032514672,1765032514672,0,4.0,7.755870398509482
player_2,295,329,1765032514723,1765032514723,0,4.0,7.875005644036855
player_2,296,330,1765032514774,1765032514774,0,4.0,7.936002889746869
player_2,297,331,1765032514825,1765032514825,0,4.0,7.967233479550397
player_2,298,333,1765032514875,1765032514876,1,4.0,7.983223541529803
player_2,299,334,1765032514926,1765032514927,1,4.0,8.0
player_2,300,336,1765032514977,1765032514977,0,4.0,8.0
player_2,301,337,1765032515027,1765032515028,1,4.488,8.0
player_2,302,338,1765032515078,1765032515078,0,4.737856000000001,8.0
player_2,303,339,1765032515129,1765032515129,0,4.865782272,8.0
player_2,304,340,1765032515179,1765032515179,0,4.931280523264,8.0
player_2,305,341,1765032515230,1765032515230,0,4.964815627911168,8.488
player_2,306,342,1765032515281,1765032515281,0,4.981985601490518,8.737855999999999
player_2,307,343,1765032515331,1765032515332,1,5.0,8.865782271999999
player_2,0,0,1765032515352,1765032515352,0,5.0,8.914100654079999
player_2,0,344,1765032515352,1765032515352,0,5.0,8.914100654079999
player_2,308,345,1765032515382,1765032515382,0,5.0,8.931280523263998
player_2,309,347,1765032515434,1765032515435,1,5.0,9.316019534888959
player_2,310,348,1765032515485,1765032515485,0,5.0,9.649802001863147
player_2,311,349,1765032515535,1765032515536,1,5.0,9.82069862495393
player_2,312,350,1765032515586,1765032515587,1,5.0,9.908197695976412
player_2,313,351,1765032515637,1765032515637,0,5.0,10.440997220339924
player_2,314,352,1765032515687,1765032515688,1,5.0,10.713790576814041
player_2,315,353,1765032515738,1765032515739,1,5.0,10.853460775328788
player_2,316,354,1765032515789,1765032515789,0,5.0,10.92497191696834
player_2,317,355,1765032515839,1765032515839,0,5.0,10.969268497190232
player_2,318,357,1765032515890,1765032515890,0,5.0,10.496265470561399
player_2,319,359,1765032515940,1765032515940,0,5.0,10.254087920927436
player_2,320,360,1765032515991,1765032515991,0,5.0,10.130093015514847
player_2,321,361,1765032516041,1765032516041,0,5.0,10.066607623943602
player_2,322,362,1765032516092,1765032516092,0,5.0,9.546103103459124
player_2,323,363,1765032516142,1765032516142,0,5.0,9.27960478897107
player_2,324,364,1765032516192,1765032516192,0,5.0,9.143157651953189
player_2,325,365,1765032516243,1765032516243,0,5.0,9.073296717800034
player_2,326,366,1765032516294,1765032516294,0,5.0,8.549527919513618
player_2,327,367,1765032516344,1765032516344,0,5.0,8.281358294790973
player_2,0,0,1765032516359,1765032516359,0,5.0,8.225086635832778
player_2,0,368,1765032516359,1765032516360,1,5.0,8.225086635832778
player_2,328,369,1765032516394,1765032516395,1,5.0,8.144055446932978
player_2,329,371,1765032516445,1765032516445,0,5.0,8.073756388829684
player_2,330,372,1765032516495,1765032516496,1,5.0,8.037763271080799
player_2,331,373,1765032516546,1765032516546,0,5.0,8.01933479479337
player_2,332,374,1765032516596,1765032516596,0,5.0,8.0
player_2,333,375,1765032516646,1765032516647,1,4.512,8.0
player_2,334,376,1765032516697,1765032516697,0,4.262143999999999,8.0
player_2,335,377,1765032516747,1765032516747,0,4.134217728,8.0
player_2,336,378,1765032516797,1765032516798,1,4.068719476736,8.0
player_2,337,379,1765032516848,1765032516848,0,4.035184372088832,8.0
player_2,338,380,1765032516898,1765032516898,0,4.018014398509482,8.0
player_2,339,382,1765032516949,1765032516949,0,4.0,8.0
player_2,340,383,1765032517000,1765032517000,0,4.0,8.0
player_2,341,384,1765032517050,1765032517050,0,4.0,8.0
player_2,342,385,1765032517100,1765032517100,0,4.0,8.0
player_2,343,386,1765032517151,1765032517151,0,4.0,8.0
player_2,344,387,1765032517202,1765032517202,0,4.0,8.0
player_2,345,388,1765032517252,1765032517252,0,4.0,7.512
player_2,346,389,1765032517302,1765032517303,1,4.0,7.262143999999999
player_2,347,390,1765032517353,1765032517354,1,4.0,7.134217728
player_2,0,0,1765032517369,1765032517369,0,4.0,7.1073741824
player_2,0,391,1765032517369,1765032517369,0,4.0,7.1073741824
player_2,348,392,1765032517404,1765032517404,0,4.0,7.068719476736
player_2,349,394,1765032517455,1765032517455,0,4.0,7.523184372088832
player_2,350,395,1765032517505,1765032517505,0,4.0,7.755870398509482
player_2,351,396,1765032517555,1765032517556,1,4.0,7.875005644036855
player_2,352,397,1765032517606,1765032517606,0,4.0,7.936002889746869
player_2,353,398,1765032517656,1765032517656,0,4.488,7.967233479550397
player_2,354,399,1765032517706,1765032517707,1,4.737856000000001,7.983223541529803
player_2,355,400,1765032517757,1765032517757,0,4.865782272,8.0
player_2,356,401,1765032517808,1765032517808,0,4.931280523264,8.0
player_2,357,403,1765032517858,1765032517858,0,5.452815627911169,8.0
player_2,358,404,1765032517909,1765032517909,0,5.7198416014905185,8.0
player_2,359,406,1765032517959,1765032517959,0,5.8565588999631455,8.0
player_2,360,407,1765032518009,1765032518010,1,5.926558156781131,8.0
player_2,361,408,1765032518060,1765032518060,0,5.962397776271939,8.488
player_2,362,409,1765032518110,1765032518110,0,5.980747661451233,8.737855999999999
player_2,363,410,1765032518161,1765032518161,0,6.0,8.865782271999999
player_2,364,411,1765032518212,1765032518212,0,6.0,8.931280523263998
player_2,365,412,1765032518262,1765032518262,0,6.0,8.476815627911167
player_2,366,413,1765032518312,1765032518313,1,6.0,8.244129601490517
player_2,367,414,1765032518363,1765032518363,0,6.0,8.124994355963144
player_2,0,0,1765032518374,1765032518374,0,6.0,8.099995484770515
player_2,0,415,1765032518374,1765032518374,0,6.0,8.099995484770515
player_2,368,417,1765032518414,1765032518414,0,6.0,8.06399711025313
player_2,369,418,1765032518464,1765032518464,0,6.0,7.544766520449603
player_2,370,419,1765032518514,1765032518515,1,6.0,7.278920458470196
player_2,371,420,1765032518565,1765032518565,0,6.0,7.142807274736741
player_2,372,421,1765032518615,1765032518616,1,6.0,7.073117324665212
player_2,373,422,1765032518666,1765032518667,1,6.0,7.037436070228589
player_2,374,423,1765032518717,1765032518718,1,6.0,7.019167267957037
player_2,375,424,1765032518768,1765032518768,0,6.0,7.0
player_2,376,425,1765032518818,1765032518818,0,6.0,7.0
player_2,377,427,1765032518868,1765032518869,1,6.488,7.0
player_2,378,428,1765032518919,1765032518919,0,6.737856000000001,7.0
player_2,379,430,1765032518969,1765032518970,1,6.865782272,7.0
player_2,380,431,1765032519020,1765032519020,0,6.931280523264,7.0
player_2,381,432,1765032519070,1765032519070,0,6.964815627911168,7.0
player_2,382,433,1765032519120,1765032519121,1,6.981985601490518,7.0
player_2,383,434,1765032519171,1765032519171,0,7.0,7.0
player_2,384,435,1765032519221,1765032519221,0,7.0,7.0
player_2,385,436,1765032519272,1765032519272,0,7.0,7.488
player_2,386,437,1765032519322,1765032519322,0,7.0,7.737856000000001
player_2,387,438,1765032519372,1765032519373,1,7.0,7.865782272
player_2,0,0,1765032519381,1765032519381,0,7.0,7.8926258176
player_2,0,439,1765032519381,1765032519381,0,7.0,7.8926258176
player_2,388,440,1765032519423,1765032519423,0,7.0,7.931280523264
player_2,389,441,1765032519473,1765032519474,1,7.488,7.964815627911168
player_2,390,442,1765032519523,1765032519524,1,7.737856000000001,7.981985601490518
player_2,391,443,1765032519574,1765032519574,0,7.865782272,8.0
player_2,392,444,1765032519624,1765032519625,1,7.931280523264,8.0
player_2,393,445,1765032519675,1765032519675,0,7.476815627911168,8.0
player_2,394,446,1765032519725,1765032519725,0,7.244129601490518,8.0
player_2,395,447,1765032519776,1765032519776,0,7.124994355963145,8.0
player_2,396,448,1765032519826,1765032519827,1,7.063997110253131,8.0
player_2,397,449,1765032519877,1765032519877,0,6.5447665204496035,8.0
player_2,398,450,1765032519927,1765032519928,1,6.278920458470197,8.0
player_2,399,452,1765032519978,1765032519978,0,6.142807274736741,8.0
player_2,400,453,1765032520028,1765032520028,0,6.073117324665212,8.0
player_2,401,454,1765032520079,1765032520079,0,6.525436070228588,8.0
player_2,402,455,1765032520129,1765032520129,0,6.757023267957036,8.0
player_2,403,456,1765032520179,1765032520180,1,6.875595913194003,8.0
player_2,404,457,1765032520230,1765032520230,0,6.936305107555329,8.0
player_2,405,458,1765032520280,1765032520281,1,6.967388215068328,8.0
player_2,406,459,1765032520331,1765032520331,0,6.983302766114984,8.0
player_2,407,460,1765032520381,1765032520381,0,7.0,8.0
player_2,0,0,1765032520388,1765032520388,0,7.0,8.0
player_2,0,461,1765032520388,1765032520388,0,7.0,8.0
player_2,408,463,1765032520432,1765032520432,0,7.0,8.0
player_2,409,464,1765032520483,1765032520483,0,7.0,7.512
player_2,410,465,1765032520533,1765032520534,1,7.0,7.262143999999999
player_2,411,466,1765032520584,1765032520584,0,7.0,7.134217728
player_2,412,467,1765032520634,1765032520634,0,7.0,7.068719476736
player_2,413,468,1765032520685,1765032520685,0,7.0,7.035184372088832
player_2,414,469,1765032520735,1765032520736,1,7.0,7.506014398509482
player_2,415,470,1765032520786,1765032520786,0,7.0,7.747079372036855
player_2,416,471,1765032520836,1765032520837,1,7.0,7.87050463848287
player_2,417,473,1765032520887,1765032520887,0,7.0,7.933698374903229
player_2,418,474,1765032520937,1765032520937,0,7.0,7.966053567950453
player_2,419,476,1765032520987,1765032520988,1,7.0,7.982619426790633
player_2,420,477,1765032521038,1765032521038,0,7.0,8.0
player_2,421,478,1765032521088,1765032521089,1,7.0,8.0
player_2,422,479,1765032521139,1765032521140,1,6.512,8.0
player_2,423,480,1765032521190,1765032521190,0,6.262143999999999,8.0
player_2,424,481,1765032521241,1765032521241,0,6.134217728,8.0
player_2,425,482,1765032521291,1765032521291,0,6.068719476736,8.0
player_2,426,483,1765032521341,1765032521342,1,6.523184372088832,8.0
player_2,427,484,1765032521392,1765032521392,0,6.755870398509482,8.0
player_2,0,0,1765032521393,1765032521393,0,6.8046963188075855,8.0
player_2,0,0,1765032521393,1765032521393,0,6.8046963188075855,8.0
player_2,428,485,1765032521442,1765032521442,0,6.875005644036855,8.0
player_2,429,486,1765032521492,1765032521493,1,6.936002889746869,8.0
player_2,430,487,1765032521543,1765032521543,0,7.4552334795503965,8.0
player_2,431,488,1765032521594,1765032521594,0,7.776863633223842,8.0
player_2,432,489,1765032521645,1765032521645,0,7.885754180210607,8.0
player_2,433,490,1765032521695,1765032521695,0,7.941506140267831,8.0
player_2,434,491,1765032521745,1765032521746,1,8.458051143817128,8.0
player_2,435,492,1765032521796,1765032521797,1,8.72252218563437,8.0
player_2,436,493,1765032521847,1765032521847,0,8.857931359044798,8.0
player_2,437,495,1765032521898,1765032521898,0,8.439260855830938,8.0
player_2,438,496,1765032521949,1765032521949,0,8.22490155818544,8.0
player_2,439,497,1765032522000,1765032522000,0,8.115149597790944,8.0
player_2,440,498,1765032522050,1765032522050,0,8.058956594068963,8.0
player_2,441,499,1765032522100,1765032522101,1,8.51818577616331,8.0
player_2,442,500,1765032522151,1765032522151,0,8.753311117395615,8.0
player_2,443,501,1765032522201,1765032522201,0,8.873695292106555,8.0
player_2,444,502,1765032522251,1765032522252,1,8.935331989558556,8.0
player_2,445,503,1765032522302,1765032522303,1,8.478889978653982,8.0
player_2,446,504,1765032522353,1765032522353,0,8.245191669070838,8.0
player_2,0,0,1765032522398,1765032522398,0,8.12553813456427,8.0
player_2,0,0,1765032522398,1765032522398,0,8.12553813456427,8.0
player_2,447,505,1765032522404,1765032522404,0,8.12553813456427,8.0
player_2,448,507,1765032522454,1765032522454,0,8.064275524896905,8.0
player_2,449,508,1765032522504,1765032522505,1,8.032909068747214,8.0
player_2,450,509,1765032522555,1765032522555,0,8.016849443198574,8.0
player_2,451,510,1765032522606,1765032522606,0,8.0,8.0
player_2,452,511,1765032522657,1765032522657,0,8.0,8.0
player_2,453,512,1765032522707,1765032522707,0,8.0,7.512
player_2,454,513,1765032522758,1765032522758,0,8.0,7.262143999999999
player_2,455,514,1765032522808,1765032522809,1,8.0,7.134217728
player_2,456,515,1765032522859,1765032522860,1,8.0,7.068719476736
player_2,457,517,1765032522910,1765032522911,1,8.488,7.035184372088832
player_2,458,518,1765032522961,1765032522962,1,8.737855999999999,7.018014398509482
player_2,459,519,1765032523012,1765032523012,0,8.865782271999999,7.0
player_2,460,520,1765032523063,1765032523063,0,8.931280523263998,7.0
player_2,461,521,1765032523113,1765032523114,1,8.476815627911167,7.0
player_2,462,522,1765032523164,1765032523164,0,8.244129601490517,7.0
player_2,463,523,1765032523214,1765032523214,0,8.124994355963144,7.0
player_2,464,524,1765032523265,1765032523265,0,8.06399711025313,7.0
player_2,465,525,1765032523315,1765032523315,0,8.520766520449602,7.0
player_2,466,526,1765032523365,1765032523366,1,8.754632458470196,7.0
player_2,0,0,1765032523408,1765032523408,0,8.87437181873674,7.0
player_2,0,527,1765032523408,1765032523408,0,8.87437181873674,7.0
player_2,467,528,1765032523416,1765032523416,0,8.87437181873674,7.0
player_2,468,529,1765032523466,1765032523467,1,8.93567837119321,7.0
player_2,469,530,1765032523517,1765032523517,0,8.479067326050924,7.0
player_2,470,531,1765032523568,1765032523568,0,8.245282470938074,7.0
player_2,471,532,1765032523618,1765032523619,1,8.125584625120293,7.0
player_2,472,533,1765032523669,1765032523669,0,8.06429932806159,7.0
player_2,473,534,1765032523719,1765032523719,0,8.032921255967533,7.0
player_2,474,535,1765032523770,1765032523770,0,8.016855683055377,7.0
player_2,475,536,1765032523821,1765032523821,0,8.0,7.0
player_2,476,537,1765032523871,1765032523871,0,8.0,7.0
player_2,477,538,1765032523922,1765032523922,0,8.0,7.0
player_2,478,539,1765032523972,1765032523972,0,7.512,7.0
player_2,479,541,1765032524023,1765032524023,0,7.262143999999999,7.0
player_2,480,542,1765032524074,1765032524074,0,7.1073741824,7.0
player_2,481,543,1765032524125,1765032524125,0,7.0549755813888,7.0
player_2,482,544,1765032524175,1765032524175,0,7.028147497671066,7.488
player_2,483,545,1765032524226,1765032524226,0,7.014411518807586,7.737856000000001
player_2,484,546,1765032524277,1765032524277,0,7.0,7.865782272
player_2,485,547,1765032524327,1765032524328,1,7.0,7.931280523264
player_2,486,548,1765032524378,1765032524378,0,7.0,8.452815627911168
player_2,0,0,1765032524408,1765032524408,0,7.0,8.649802001863147
player_2,0,549,1765032524408,1765032524408,0,7.0,8.649802001863147
player_2,487,550,1765032524428,1765032524428,0,7.0,8.719841601490518
player_2,488,552,1765032524479,1765032524479,0,7.0,8.856558899963144
player_2,489,553,1765032524530,1765032524530,0,7.0,8.92655815678113
player_2,490,554,1765032524580,1765032524581,1,6.512,8.962397776271938
player_2,491,555,1765032524631,1765032524632,1,6.262143999999999,8.980747661451232
player_2,492,556,1765032524682,1765032524682,0,6.134217728,9.0
player_2,493,557,1765032524732,1765032524732,0,6.068719476736,9.0
player_2,494,558,1765032524783,1765032524783,0,6.035184372088832,9.0
player_2,495,559,1765032524833,1765032524834,1,6.018014398509482,9.0
player_2,496,560,1765032524884,1765032524884,0,6.0,9.0
player_2,497,562,1765032524934,1765032524935,1,6.0,9.0
player_2,498,563,1765032524985,1765032524985,0,6.488,9.0
player_2,499,564,1765032525035,1765032525035,0,6.737856000000001,9.0
player_2,500,565,1765032525086,1765032525086,0,6.865782272,9.0
player_2,501,566,1765032525136,1765032525137,1,6.931280523264,9.0
player_2,502,567,1765032525187,1765032525187,0,6.476815627911168,9.0
player_2,503,568,1765032525238,1765032525238,0,6.244129601490518,9.0
player_2,504,569,1765032525288,1765032525288,0,6.124994355963145,9.0
player_2,505,570,1765032525338,1765032525339,1,6.063997110253131,9.0
player_2,506,571,1765032525389,1765032525389,0,6.032766520449603,9.0
player_2,0,0,1765032525414,1765032525414,0,6.020970573087746,9.0
player_2,0,572,1765032525414,1765032525414,0,6.020970573087746,9.0
player_2,507,573,1765032525439,1765032525439,0,6.016776458470197,9.0
player_2,508,575,1765032525490,1765032525490,0,6.0,9.0
player_2,509,576,1765032525540,1765032525540,0,6.0,9.0
player_2,510,577,1765032525590,1765032525591,1,6.488,9.0
player_2,511,578,1765032525641,1765032525641,0,6.737856000000001,9.0
player_2,512,579,1765032525691,1765032525691,0,6.865782272,9.0
player_2,513,580,1765032525742,1765032525742,0,6.931280523264,9.0
player_2,514,581,1765032525792,1765032525792,0,6.964815627911168,8.512
player_2,515,582,1765032525842,1765032525843,1,6.981985601490518,8.262144000000001
player_2,516,583,1765032525893,1765032525893,0,7.0,8.134217728000001
player_2,517,584,1765032525943,1765032525943,0,7.0,8.068719476736002
player_2,518,585,1765032525993,1765032525994,1,7.488,8.035184372088832
player_2,519,587,1765032526044,1765032526044,0,7.737856000000001,8.018014398509482
player_2,520,588,1765032526094,1765032526094,0,7.865782272,8.0
player_2,521,589,1765032526145,1765032526145,0,7.931280523264,8.0
player_2,522,590,1765032526196,1765032526196,0,7.964815627911168,8.488
player_2,523,591,1765032526246,1765032526246,0,7.981985601490518,8.737855999999999
player_2,524,592,1765032526296,1765032526297,1,8.0,8.865782271999999
player_2,525,593,1765032526347,1765032526347,0,8.0,8.931280523263998
player_2,526,594,1765032526397,1765032526397,0,8.0,8.476815627911167
player_2,0,0,1765032526420,1765032526420,0,8.0,8.305162001863147
player_2,0,595,1765032526420,1765032526420,0,8.0,8.305162001863147
player_2,527,596,1765032526447,1765032526448,1,8.0,8.244129601490517
player_2,528,597,1765032526498,1765032526499,1,8.0,8.124994355963144
player_2,529,598,1765032526549,1765032526549,0,8.0,8.06399711025313
player_2,530,599,1765032526599,1765032526600,1,8.488,8.032766520449602
player_2,531,600,1765032526650,1765032526650,0,8.737855999999999,8.016776458470197
player_2,532,601,1765032526700,1765032526701,1,8.865782271999999,8.0
player_2,533,602,1765032526751,1765032526751,0,8.931280523263998,8.0
player_2,534,603,1765032526801,1765032526801,0,9.452815627911168,8.0
player_2,535,604,1765032526852,1765032526852,0,9.719841601490518,8.0
player_2,536,605,1765032526902,1765032526902,0,9.856558899963144,8.0
player_2,537,607,1765032526953,1765032526953,0,9.92655815678113,8.0
player_2,538,608,1765032527003,1765032527003,0,9.962397776271938,8.488
player_2,539,609,1765032527054,1765032527054,0,9.984598129160986,8.790284799999998
player_2,540,610,1765032527104,1765032527104,0,10.0,8.892625817599999
player_2,541,611,1765032527154,1765032527155,1,10.0,8.9450244186112
player_2,542,612,1765032527205,1765032527206,1,10.0,9.459852502328934
player_2,543,613,1765032527256,1765032527256,0,10.0,9.723444481192413
player_2,544,614,1765032527307,1765032527307,0,10.0,9.858403574370517
player_2,545,615,1765032527357,1765032527357,0,10.0,9.927502630077704
player_2,546,616,1765032527407,1765032527408,1,9.512,9.962881346599785
player_2,0,0,1765032527425,1765032527425,0,9.409600000000001,9.970305077279829
player_2,0,0,1765032527425,1765032527425,0,9.409600000000001,9.970305077279829
player_2,547,617,1765032527458,1765032527458,0,9.262144000000001,9.98099524945909
player_2,548,618,1765032527509,1765032527509,0,9.134217728000001,10.0
player_2,549,619,1765032527559,1765032527560,1,9.068719476736002,10.0
player_2,550,620,1765032527610,1765032527610,0,9.035184372088832,9.512
player_2,551,621,1765032527660,1765032527661,1,9.018014398509482,9.262144000000001
player_2,552,622,1765032527711,1765032527712,1,9.0,9.134217728000001
player_2,553,623,1765032527762,1765032527762,0,9.0,9.068719476736002
player_2,554,624,1765032527812,1765032527812,0,9.0,8.547184372088832
player_2,555,625,1765032527863,1765032527863,0,9.0,8.280158398509482
player_2,556,626,1765032527913,1765032527914,1,9.0,8.143441100036856
player_2,557,627,1765032527964,1765032527964,0,9.0,8.07344184321887
player_2,558,628,1765032528014,1765032528015,1,8.512,8.037602223728062
player_2,559,630,1765032528065,1765032528065,0,8.262144000000001,8.019252338548768
player_2,560,631,1765032528116,1765032528116,0,8.167772160000002,8.01232149667121
player_2,561,632,1765032528166,1765032528167,1,8.085899345920001,8.494308606295661
player_2,562,633,1765032528217,1765032528217,0,8.04398046511104,8.741086006423378
player_2,563,634,1765032528267,1765032528267,0,8.022517998136852,8.86743603528877
player_2,564,635,1765032528318,1765032528318,0,8.01152921504607,8.93212725006785
player_2,565,636,1765032528368,1765032528368,0,8.493902958103588,8.96524915203474
player_2,566,637,1765032528419,1765032528419,0,8.740878314549038,8.982207565841787
player_2,0,0,1765032528435,1765032528435,0,8.79270265163923,8.98576605267343
player_2,0,638,1765032528435,1765032528435,0,8.79270265163923,8.98576605267343
player_2,567,639,1765032528469,1765032528470,1,8.867329697049106,9.0
player_2,568,640,1765032528520,1765032528521,1,8.932072804889142,9.0
player_2,569,641,1765032528571,1765032528571,0,8.965221276103241,9.0
player_2,570,642,1765032528621,1765032528621,0,8.98219329336486,9.0
player_2,571,643,1765032528672,1765032528672,0,9.0,9.0
player_2,572,644,1765032528723,1765032528723,0,9.0,9.0
player_2,573,645,1765032528773,1765032528774,1,9.0,9.0
player_2,574,646,1765032528824,1765032528824,0,8.512,9.0
player_2,575,647,1765032528874,1765032528874,0,8.262144000000001,9.0
player_2,576,649,1765032528925,1765032528925,0,8.134217728000001,9.0
player_2,577,650,1765032528976,1765032528976,0,8.068719476736002,9.0
player_2,578,652,1765032529026,1765032529027,1,8.035184372088832,8.512
player_2,579,653,1765032529077,1765032529077,0,8.018014398509482,8.262144000000001
player_2,580,654,1765032529127,1765032529127,0,8.0,8.134217728000001
player_2,581,655,1765032529178,1765032529178,0,8.0,8.068719476736002
player_2,582,656,1765032529228,1765032529228,0,8.488,8.035184372088832
player_2,583,657,1765032529279,1765032529279,0,8.737855999999999,8.018014398509482
player_2,584,658,1765032529329,1765032529330,1,8.865782271999999,8.0
player_2,585,659,1765032529380,1765032529381,1,8.931280523263998,8.0
player_2,586,660,1765032529431,1765032529431,0,9.452815627911168,8.0
player_2,0,0,1765032529441,1765032529441,0,9.562252502328935,8.0
player_2,0,661,1765032529441,1765032529441,0,9.562252502328935,8.0
player_2,587,663,1765032529481,1765032529482,1,9.719841601490518,8.0
player_2,588,664,1765032529532,1765032529532,0,9.856558899963144,8.0
player_2,589,665,1765032529583,1765032529583,0,9.92655815678113,8.0
player_2,590,666,1765032529633,1765032529633,0,9.962397776271938,8.488
player_2,591,667,1765032529683,1765032529684,1,9.980747661451232,8.737855999999999
player_2,592,668,1765032529734,1765032529734,0,10.0,8.865782271999999
player_2,593,669,1765032529785,1765032529785,0,10.0,8.931280523263998
player_2,594,670,1765032529835,1765032529835,0,10.0,8.476815627911167
player_2,595,671,1765032529886,1765032529886,0,10.0,8.244129601490517
player_2,596,673,1765032529936,1765032529937,1,10.0,8.124994355963144
player_2,597,674,1765032529987,1765032529988,1,10.0,8.06399711025313
player_2,598,676,1765032530038,1765032530038,0,10.488,8.032766520449602
player_2,599,677,1765032530088,1765032530088,0,10.737855999999999,8.016776458470197
player_2,600,678,1765032530139,1765032530139,0,10.865782271999999,8.0
player_2,601,679,1765032530189,1765032530190,1,10.931280523263998,8.0
player_2,602,680,1765032530240,1765032530240,0,10.964815627911168,7.512
player_2,603,681,1765032530290,1765032530290,0,10.981985601490518,7.262143999999999
player_2,604,682,1765032530341,1765032530341,0,11.0,7.134217728
player_2,605,683,1765032530391,1765032530391,0,11.0,7.068719476736
player_2,606,684,1765032530442,1765032530442,0,11.488,7.035184372088832
player_2,0,0,1765032530444,1765032530444,0,11.590399999999999,7.028147497671066
player_2,0,0,1765032530444,1765032530445,1,11.590399999999999,7.028147497671066
player_2,607,686,1765032530492,1765032530492,0,11.737855999999999,7.018014398509482
player_2,608,687,1765032530543,1765032530544,1,11.865782271999999,7.0
player_2,609,688,1765032530594,1765032530594,0,11.9450244186112,7.0
player_2,610,689,1765032530645,1765032530645,0,11.971852502328934,6.512
player_2,611,690,1765032530695,1765032530696,1,11.985588481192414,6.262143999999999
player_2,612,691,1765032530746,1765032530746,0,12.0,6.134217728
player_2,613,692,1765032530796,1765032530797,1,12.0,6.068719476736
player_2,614,693,1765032530847,1765032530847,0,12.488,6.035184372088832
player_2,615,694,1765032530897,1765032530898,1,12.737855999999999,6.018014398509482
player_2,616,696,1765032530948,1765032530948,0,12.865782271999999,6.0
player_2,617,697,1765032530999,1765032530999,0,12.931280523263998,6.0
player_2,618,699,1765032531050,1765032531050,0,12.964815627911168,6.488
player_2,619,700,1765032531100,1765032531101,1,12.981985601490518,6.737856000000001
player_2,620,701,1765032531151,1765032531151,0,13.0,6.865782272
player_2,621,702,1765032531201,1765032531202,1,13.0,6.931280523264
player_2,622,703,1765032531252,1765032531252,0,13.0,6.964815627911168
player_2,623,704,1765032531302,1765032531302,0,13.0,6.981985601490518
player_2,624,705,1765032531353,1765032531353,0,13.0,7.0
player_2,625,706,1765032531403,1765032531403,0,13.0,7.0
player_2,0,0,1765032531446,1765032531446,0,13.0,7.0
player_2,0,707,1765032531446,1765032531446,0,13.0,7.0
player_2,626,708,1765032531453,1765032531454,1,13.0,7.0
player_2,627,709,1765032531504,1765032531504,0,13.0,7.0
player_2,628,710,1765032531554,1765032531555,1,13.0,7.0
player_2,629,711,1765032531605,1765032531605,0,13.0,7.0
player_2,630,712,1765032531655,1765032531655,0,13.0,7.488
player_2,631,713,1765032531705,1765032531706,1,13.0,7.737856000000001
player_2,632,714,1765032531756,1765032531757,1,13.0,7.865782272
player_2,633,715,1765032531807,1765032531807,0,13.0,7.931280523264
player_2,634,716,1765032531857,1765032531858,1,13.0,7.964815627911168
player_2,635,717,1765032531908,1765032531908,0,13.0,7.981985601490518
player_2,636,719,1765032531959,1765032531959,0,13.0,8.0
player_2,637,720,1765032532010,1765032532010,0,13.0,8.0
player_2,638,722,1765032532061,1765032532061,0,13.0,7.512
player_2,639,723,1765032532112,1765032532112,0,13.0,7.262143999999999
player_2,640,724,1765032532162,1765032532163,1,13.0,7.134217728
player_2,641,725,1765032532213,1765032532213,0,13.0,7.0549755813888
player_2,642,726,1765032532264,1765032532264,0,12.512,7.028147497671066
player_2,643,727,1765032532315,1765032532315,0,12.262144000000001,7.014411518807586
player_2,644,728,1765032532365,1765032532365,0,12.134217728000001,7.0
player_2,645,729,1765032532416,1765032532416,0,12.068719476736002,7.0
player_2,0,0,1765032532448,1765032532448,0,12.04398046511104,7.0
player_2,0,0,1765032532448,1765032532448,0,12.04398046511104,7.0
player_2,646,730,1765032532466,1765032532467,1,12.035184372088832,7.0
player_2,647,732,1765032532516,1765032532517,1,12.018014398509482,7.0
player_2,648,733,1765032532567,1765032532568,1,12.0,7.0
player_2,649,734,1765032532618,1765032532618,0,12.0,7.0
player_2,650,735,1765032532668,1765032532668,0,12.0,7.0
player_2,651,736,1765032532719,1765032532719,0,12.0,7.0
player_2,652,737,1765032532770,1765032532770,0,12.0,7.0
player_2,653,738,1765032532821,1765032532821,0,12.0,7.0
player_2,654,739,1765032532871,1765032532871,0,11.512,7.0
player_2,655,740,1765032532921,1765032532922,1,11.262144000000001,7.0
player_2,656,742,1765032532972,1765032532972,0,11.134217728000001,7.0
player_2,657,743,1765032533022,1765032533022,0,11.068719476736002,7.0
player_2,658,745,1765032533073,1765032533073,0,10.547184372088832,7.0
player_2,659,746,1765032533123,1765032533123,0,10.280158398509482,7.0
player_2,660,747,1765032533173,1765032533174,1,10.143441100036856,7.0
player_2,661,748,1765032533224,1765032533224,0,10.07344184321887,7.0
player_2,662,749,1765032533274,1765032533275,1,9.549602223728062,7.0
player_2,663,750,1765032533325,1765032533325,0,9.281396338548769,7.0
player_2,664,751,1765032533376,1765032533376,0,9.14407492533697,7.0
player_2,665,752,1765032533427,1765032533427,0,9.07376636177253,7.0
player_2,0,0,1765032533450,1765032533451,1,8.687210471534419,7.0
player_2,0,753,1765032533451,1765032533451,0,8.687210471534419,7.0
player_2,666,754,1765032533477,1765032533478,1,8.549768377227535,7.0
player_2,667,755,1765032533528,1765032533528,0,8.281481409140499,7.0
player_2,668,756,1765032533578,1765032533578,0,8.144118481479936,7.0
player_2,669,757,1765032533628,1765032533629,1,8.073788662517726,7.0
player_2,670,758,1765032533679,1765032533679,0,8.525779795209075,7.0
player_2,671,759,1765032533729,1765032533729,0,8.757199255147047,7.0
player_2,672,760,1765032533780,1765032533780,0,8.875686018635289,7.0
player_2,673,761,1765032533830,1765032533830,0,8.936351241541267,7.0
player_2,674,762,1765032533880,1765032533881,1,9.455411835669128,7.0
player_2,675,763,1765032533931,1765032533931,0,9.721170859862593,7.0
player_2,676,765,1765032533981,1765032533981,0,9.857239480249648,7.0
player_2,677,766,1765032534032,1765032534032,0,9.92690661388782,7.0
player_2,678,767,1765032534082,1765032534082,0,9.962576186310564,6.512
player_2,679,768,1765032534132,1765032534133,1,9.980839007391008,6.262143999999999
player_2,680,769,1765032534183,1765032534183,0,10.0,6.134217728
player_2,681,770,1765032534234,1765032534234,0,10.0,6.068719476736
player_2,682,771,1765032534284,1765032534284,0,10.0,6.523184372088832
player_2,683,772,1765032534334,1765032534335,1,10.0,6.755870398509482
player_2,684,773,1765032534385,1765032534385,0,10.0,6.875005644036855
player_2,685,774,1765032534435,1765032534436,1,10.0,6.936002889746869
player_2,0,0,1765032534458,1765032534458,0,9.64,6.959041849437996
player_2,0,775,1765032534458,1765032534458,0,9.64,6.959041849437996
player_2,686,776,1765032534486,1765032534486,0,9.512,6.967233479550397
player_2,687,777,1765032534536,1765032534536,0,9.262144000000001,6.983223541529803
player_2,688,778,1765032534587,1765032534587,0,9.134217728000001,7.0
player_2,689,779,1765032534637,1765032534637,0,9.068719476736002,7.0
player_2,690,780,1765032534687,1765032534688,1,9.035184372088832,7.0
player_2,691,781,1765032534738,1765032534738,0,9.018014398509482,7.0
player_2,692,782,1765032534788,1765032534788,0,9.0,7.0
player_2,693,783,1765032534839,1765032534839,0,9.0,7.0
player_2,694,784,1765032534889,1765032534889,0,9.0,6.512
player_2,695,785,1765032534939,1765032534940,1,9.0,6.262143999999999
player_2,696,787,1765032534990,1765032534991,1,9.0,6.134217728
player_2,697,788,1765032535040,1765032535040,0,9.0,6.068719476736
player_2,698,790,1765032535091,1765032535091,0,9.0,6.523184372088832
player_2,699,791,1765032535141,1765032535141,0,9.0,6.755870398509482
player_2,700,792,1765032535192,1765032535192,0,9.0,6.875005644036855
player_2,701,793,1765032535243,1765032535243,0,9.0,6.936002889746869
player_2,702,794,1765032535293,1765032535293,0,9.0,6.967233479550397
player_2,703,795,1765032535344,1765032535344,0,9.0,6.983223541529803
player_2,704,796,1765032535395,1765032535395,0,9.0,7.0
player_2,705,797,1765032535446,1765032535446,0,9.0,7.0
player_2,0,0,1765032535463,1765032535463,0,9.2,7.0
player_2,0,0,1765032535463,1765032535463,0,9.2,7.0
player_2,706,798,1765032535497,1765032535497,0,9.488,7.0
player_2,707,799,1765032535548,1765032535548,0,9.737855999999999,7.0
player_2,708,800,1765032535598,1765032535599,1,9.865782271999999,7.0
player_2,709,801,1765032535649,1765032535649,0,9.931280523263998,7.0
player_2,710,802,1765032535699,1765032535699,0,10.452815627911168,7.0
player_2,711,803,1765032535750,1765032535750,0,10.719841601490518,7.0
player_2,712,804,1765032535801,1765032535801,0,10.856558899963144,7.0
player_2,713,805,1765032535851,1765032535851,0,10.92655815678113,7.0
player_2,714,806,1765032535902,1765032535902,0,11.450397776271938,7.0
player_2,715,808,1765032535953,1765032535953,0,11.718603661451231,7.0
player_2,716,809,1765032536003,1765032536004,1,11.85592507466303,7.0
player_2,717,810,1765032536054,1765032536054,0,11.92623363822747,7.0
player_2,718,812,1765032536105,1765032536105,0,11.962231622772466,6.512
player_2,719,813,1765032536156,1765032536156,0,11.980662590859502,6.262143999999999
player_2,720,814,1765032536206,1765032536207,1,12.0,6.134217728
player_2,721,815,1765032536257,1765032536257,0,12.0,6.068719476736
player_2,722,816,1765032536307,1765032536308,1,12.0,6.035184372088832
player_2,723,817,1765032536358,1765032536358,0,12.0,5.530014398509482
player_2,724,818,1765032536409,1765032536409,0,12.0,5.271367372036854
player_2,725,819,1765032536459,1765032536459,0,12.0,5.138940094482869
player_2,0,0,1765032536465,1765032536466,1,12.0,5.111152075586295
player_2,0,0,1765032536466,1765032536466,0,12.0,5.111152075586295
player_2,726,820,1765032536510,1765032536510,0,12.0,5.071137328375229
player_2,727,821,1765032536560,1765032536561,1,12.488,5.036422312128117
player_2,728,822,1765032536611,1765032536611,0,12.737855999999999,5.018648223809596
player_2,729,823,1765032536661,1765032536661,0,12.865782271999999,5.0
player_2,730,824,1765032536712,1765032536712,0,12.931280523263998,5.0
player_2,731,825,1765032536762,1765032536762,0,13.452815627911168,5.0
player_2,732,826,1765032536812,1765032536813,1,13.719841601490518,5.0
player_2,733,827,1765032536863,1765032536863,0,13.856558899963144,5.0
player_2,734,828,1765032536913,1765032536914,1,13.92655815678113,5.0
player_2,735,830,1765032536964,1765032536965,1,13.962397776271938,4.512
player_2,736,831,1765032537015,1765032537015,0,13.980747661451232,4.262143999999999
player_2,737,832,1765032537065,1765032537065,0,14.0,4.134217728
player_2,738,834,1765032537116,1765032537116,0,14.0,4.068719476736
player_2,739,835,1765032537166,1765032537167,1,14.0,4.035184372088832
player_2,740,836,1765032537217,1765032537217,0,14.0,4.018014398509482
player_2,741,837,1765032537268,1765032537268,0,14.0,4.0
player_2,742,838,1765032537318,1765032537318,0,14.0,4.0
player_2,743,839,1765032537368,1765032537369,1,14.0,4.488
player_2,744,840,1765032537419,1765032537419,0,14.0,4.737856000000001
player_2,745,841,1765032537469,1765032537469,0,14.0,4.865782272
player_2,0,0,1765032537473,1765032537473,0,14.0,4.8926258176
player_2,0,842,1765032537473,1765032537473,0,14.0,4.8926258176
player_2,746,843,1765032537520,1765032537520,0,14.0,4.931280523264
player_2,747,844,1765032537570,1765032537570,0,14.0,4.476815627911168
player_2,748,845,1765032537620,1765032537621,1,14.0,4.244129601490518
player_2,749,846,1765032537671,1765032537671,0,14.0,4.124994355963145
player_2,750,847,1765032537722,1765032537722,0,14.0,4.063997110253131
player_2,751,848,1765032537773,1765032537773,0,14.0,3.4358132163596826
player_2,752,849,1765032537823,1765032537823,0,14.0,3.2231363667761577
player_2,753,850,1765032537874,1765032537874,0,14.0,3.1142458197893927
player_2,754,851,1765032537924,1765032537925,1,14.488,3.058493859732169
player_2,755,853,1765032537975,1765032537975,0,14.737855999999999,3.0299488561828705
player_2,756,854,1765032538025,1765032538026,1,14.865782271999999,3.0153338143656296
player_2,757,856,1765032538076,1765032538076,0,14.931280523263998,3.0
player_2,758,857,1765032538127,1765032538127,0,15.452815627911168,3.0
player_2,759,858,1765032538177,1765032538178,1,15.719841601490518,3.0
player_2,760,859,1765032538228,1765032538228,0,15.856558899963144,3.0
player_2,761,860,1765032538278,1765032538279,1,15.92655815678113,3.0
player_2,762,861,1765032538329,1765032538330,1,15.962397776271938,2.5119999999999996
player_2,763,862,1765032538380,1765032538380,0,15.980747661451232,2.262144
player_2,764,863,1765032538430,1765032538430,0,16.0,2.1342177280000003
player_2,0,0,1765032538476,1765032538477,1,16.0,2.068719476736
player_2,0,864,1765032538477,1765032538477,0,16.0,2.068719476736
player_2,765,865,1765032538480,1765032538481,1,16.0,2.068719476736
player_2,766,866,1765032538531,1765032538531,0,16.0,2.035184372088832
player_2,767,867,1765032538582,1765032538582,0,16.0,2.018014398509482
player_2,768,868,1765032538633,1765032538633,0,16.0,2.0
player_2,769,869,1765032538683,1765032538684,1,16.0,2.0
player_2,770,870,1765032538734,1765032538734,0,16.0,2.0
player_2,771,871,1765032538784,1765032538784,0,16.0,2.0
player_2,772,872,1765032538835,1765032538835,0,16.0,2.0
player_2,773,873,1765032538885,1765032538885,0,16.0,2.0
player_2,774,874,1765032538936,1765032538936,0,16.0,2.4880000000000004
player_2,775,875,1765032538986,1765032538987,1,16.0,2.737856
player_2,776,876,1765032539037,1765032539037,0,16.0,2.8657822719999997
player_2,777,878,1765032539088,1765032539088,0,16.0,2.931280523264
player_2,778,879,1765032539138,1765032539138,0,16.0,3.4528156279111677
player_2,779,880,1765032539188,1765032539189,1,16.0,3.7198416014905176
player_2,780,881,1765032539239,1765032539239,0,16.0,3.856558899963145
player_2,781,882,1765032539289,1765032539290,1,16.0,3.9265581567811303
player_2,782,883,1765032539340,1765032539340,0,16.0,3.474397776271939
player_2,783,884,1765032539390,1765032539390,0,16.0,3.2428916614512326
player_2,784,885,1765032539440,1765032539441,1,16.0,3.124360530663031
player_2,0,0,1765032539485,1765032539485,0,16.0,3.063672591699472
player_2,0,0,1765032539485,1765032539486,1,16.0,3.063672591699472
player_2,785,886,1765032539491,1765032539491,0,16.0,3.063672591699472
player_2,786,887,1765032539541,1765032539541,0,15.512,3.03260036695013
player_2,787,888,1765032539592,1765032539592,0,15.262144000000001,3.016691387878466
player_2,788,889,1765032539643,1765032539643,0,15.134217728000001,3.0
player_2,789,890,1765032539694,1765032539694,0,15.068719476736002,3.0
player_2,790,891,1765032539744,1765032539745,1,15.035184372088832,2.5119999999999996
player_2,791,892,1765032539795,1765032539795,0,15.018014398509482,2.262144
player_2,792,893,1765032539845,1765032539845,0,15.0,2.1342177280000003
player_2,793,894,1765032539895,1765032539896,1,15.0,2.068719476736
player_2,794,895,1765032539946,1765032539947,1,15.0,1.547184372088832
player_2,795,896,1765032539998,1765032539998,0,15.0,1.280158398509482
player_2,796,897,1765032540048,1765032540048,0,15.0,1.1434411000368547
player_2,797,899,1765032540099,1765032540099,0,15.0,1.0734418432188695
player_2,798,900,1765032540149,1765032540150,1,15.0,1.037602223728061
player_2,799,901,1765032540200,1765032540201,1,15.0,1.019252338548767
player_2,800,902,1765032540251,1765032540251,0,15.0,1.0
player_2,801,903,1765032540301,1765032540301,0,15.0,1.0
player_2,802,904,1765032540352,1765032540352,0,15.488,1.0
player_2,803,905,1765032540402,1765032540403,1,15.737855999999999,1.0
player_2,804,906,1765032540453,1765032540454,1,15.892625817599999,1.0
player_2,0,0,1765032540488,1765032540488,0,15.931280523263998,1.0
player_2,0,0,1765032540488,1765032540488,0,15.931280523263998,1.0
player_2,805,907,1765032540504,1765032540504,0,15.9450244186112,1.0
player_2,806,908,1765032540555,1765032540555,0,16.459852502328935,1.0
player_2,807,909,1765032540606,1765032540606,0,16.723444481192413,1.0
player_2,808,910,1765032540657,1765032540657,0,16.858403574370517,1.0
player_2,809,911,1765032540708,1765032540708,0,16.927502630077704,1.0
player_2,810,912,1765032540758,1765032540758,0,16.962881346599783,1.488
player_2,811,913,1765032540809,1765032540809,0,16.980995249459088,1.737856
player_2,812,914,1765032540859,1765032540859,0,17.0,1.8657822720000001
player_2,813,915,1765032540909,1765032540910,1,17.0,1.931280523264
player_2,814,916,1765032540960,1765032540960,0,17.0,2.452815627911168
player_2,815,918,1765032541010,1765032541011,1,17.0,2.719841601490518
player_2,816,919,1765032541061,1765032541061,0,17.0,2.856558899963145
player_2,817,921,1765032541111,1765032541111,0,17.0,2.9265581567811303
player_2,818,922,1765032541162,1765032541162,0,17.488,2.9623977762719385
player_2,819,923,1765032541212,1765032541213,1,17.737856,2.9807476614512325
player_2,820,924,1765032541263,1765032541263,0,17.865782272,3.0
player_2,821,925,1765032541314,1765032541314,0,17.931280523264,3.0
player_2,822,926,1765032541364,1765032541364,0,17.964815627911168,2.5119999999999996
player_2,823,927,1765032541414,1765032541415,1,17.981985601490518,2.262144
player_2,824,928,1765032541465,1765032541465,0,18.0,2.1342177280000003
player_2,0,0,1765032541493,1765032541494,1,18.0,2.08589934592
player_2,0,0,1765032541494,1765032541494,0,18.0,2.08589934592
player_2,825,929,1765032541526,1765032541527,1,18.0,2.068719476736
player_2,826,931,1765032541583,1765032541583,0,17.512,2.035184372088832
player_2,827,932,1765032541634,1765032541634,0,17.262144,2.018014398509482
player_2,828,933,1765032541684,1765032541685,1,17.134217728,2.0
player_2,829,934,1765032541735,1765032541735,0,17.068719476736,2.0
player_2,830,935,1765032541786,1765032541787,1,17.52318437208883,2.0
player_2,831,936,1765032541837,1765032541838,1,17.755870398509483,2.0
player_2,832,937,1765032541888,1765032541888,0,17.875005644036854,2.0
player_2,833,938,1765032541939,1765032541940,1,17.936002889746867,2.0
player_2,834,940,1765032541990,1765032541991,1,17.967233479550394,1.512
player_2,835,941,1765032542041,1765032542041,0,17.983223541529803,1.262144
player_2,836,942,1765032542092,1765032542092,0,18.0,1.1342177279999999
player_2,837,944,1765032542143,1765032542143,0,18.0,1.068719476736
player_2,838,945,1765032542193,1765032542193,0,17.512,1.035184372088832
player_2,839,946,1765032542243,1765032542244,1,17.262144,1.0180143985094818
player_2,840,947,1765032542294,1765032542294,0,17.134217728,1.0
player_2,841,948,1765032542344,1765032542344,0,17.068719476736,1.0
player_2,842,949,1765032542395,1765032542395,0,17.035184372088832,1.0
player_2,843,950,1765032542445,1765032542445,0,17.018014398509482,1.0
player_2,0,0,1765032542496,1765032542496,0,17.0,1.0
player_2,0,951,1765032542496,1765032542496,0,17.0,1.0
player_2,844,952,1765032542496,1765032542496,0,17.0,1.0
player_2,845,953,1765032542546,1765032542546,0,17.0,1.0
player_2,846,955,1765032542597,1765032542598,1,16.512,1.0
player_2,847,956,1765032542648,1765032542648,0,16.262144,1.0
player_2,848,957,1765032542699,1765032542699,0,16.134217728,1.0
player_2,849,958,1765032542749,1765032542750,1,16.068719476736,1.0
player_2,850,959,1765032542800,1765032542800,0,16.52318437208883,1.0
player_2,851,960,1765032542850,1765032542850,0,16.755870398509483,1.0
player_2,852,961,1765032542901,1765032542901,0,16.875005644036854,1.0
player_2,853,962,1765032542951,1765032542952,1,16.936002889746867,1.0
player_2,854,963,1765032543002,1765032543002,0,16.479233479550395,1.0
player_2,855,964,1765032543053,1765032543053,0,16.245367541529802,1.0
player_2,856,966,1765032543103,1765032543103,0,16.12562818126326,1.0
player_2,857,967,1765032543154,1765032543154,0,16.064321628806788,1.0
player_2,858,968,1765032543205,1765032543205,0,16.032932673949077,1.0
player_2,859,969,1765032543255,1765032543256,1,16.016861529061927,1.0
player_2,860,970,1765032543306,1765032543306,0,16.0,1.0
player_2,861,971,1765032543357,1765032543357,0,16.0,1.0
player_2,862,972,1765032543407,1765032543407,0,16.0,1.0
player_2,863,973,1765032543457,1765032543458,1,16.0,1.0
player_2,0,0,1765032543498,1765032543498,0,16.0,1.0
player_2,0,974,1765032543498,1765032543498,0,16.0,1.0
player_2,864,975,1765032543508,1765032543508,0,16.0,1.0
player_2,865,976,1765032543559,1765032543559,0,16.0,1.0
player_2,866,978,1765032543610,1765032543610,0,16.0,1.0
player_2,867,979,1765032543660,1765032543661,1,16.0,1.0
player_2,868,980,1765032543711,1765032543712,1,16.0,1.0
player_2,869,981,1765032543762,1765032543762,0,16.0,1.0
player_2,870,982,1765032543812,1765032543812,0,16.0,1.0
player_2,871,983,1765032543863,1765032543863,0,16.0,0.512
player_2,872,984,1765032543913,1765032543914,1,16.0,0.26214400000000004
player_2,873,985,1765032543964,1765032543964,0,16.0,0.13421772800000004
player_2,874,987,1765032544014,1765032544015,1,16.0,0.05497558138880001
player_2,875,988,1765032544065,1765032544065,0,16.0,0.028147497671065603
player_2,876,990,1765032544115,1765032544115,0,16.0,0.014411518807585589
player_2,877,991,1765032544166,1765032544166,0,16.0,0.0
player_2,878,992,1765032544216,1765032544216,0,16.0,0.488
player_2,879,993,1765032544266,1765032544267,1,16.0,0.7378560000000001
player_2,880,994,1765032544317,1765032544317,0,16.0,0.865782272
player_2,881,995,1765032544367,1765032544367,0,16.0,0.931280523264
player_2,882,996,1765032544417,1765032544418,1,16.0,1.4528156279111681
player_2,883,997,1765032544468,1765032544469,1,16.0,1.719841601490518
player_2,0,0,1765032544501,1765032544502,1,16.0,1.8206986249539316
player_2,0,0,1765032544502,1765032544502,0,16.0,1.8206986249539316
player_2,884,998,1765032544519,1765032544519,0,16.0,1.8565588999631453
player_2,885,1000,1765032544569,1765032544569,0,16.0,1.9265581567811305
player_2,886,1001,1765032544619,1765032544620,1,15.512,1.962397776271939
player_2,887,1002,1765032544670,1765032544671,1,15.262144000000001,1.980747661451233
player_2,888,1003,1765032544721,1765032544721,0,15.134217728000001,2.0
player_2,889,1004,1765032544771,1765032544771,0,15.068719476736002,2.0
player_2,890,1005,1765032544822,1765032544822,0,15.035184372088832,1.512
player_2,891,1006,1765032544873,1765032544873,0,15.018014398509482,1.262144
player_2,892,1007,1765032544923,1765032544924,1,15.0,1.1342177279999999
player_2,893,1008,1765032544974,1765032544974,0,15.0,1.068719476736
player_2,894,1009,1765032545024,1765032545024,0,15.0,1.5231843720888318
player_2,895,1010,1765032545075,1765032545075,0,15.0,1.755870398509482
player_2,896,1012,1765032545125,1765032545125,0,15.0,1.8750056440368548
player_2,897,1013,1765032545175,1765032545176,1,15.0,1.9360028897468697
player_2,898,1014,1765032545226,1765032545226,0,15.0,2.4552334795503974
player_2,899,1015,1765032545276,1765032545276,0,15.0,2.7210795415298032
player_2,900,1016,1765032545327,1765032545327,0,15.0,2.8571927252632596
player_2,901,1017,1765032545378,1765032545378,0,15.0,2.926882675334789
player_2,902,1018,1765032545428,1765032545428,0,15.488,2.962563929771412
player_2,903,1019,1765032545479,1765032545479,0,15.737855999999999,2.980832732042963
player_2,0,0,1765032545509,1765032545509,0,15.832227839999998,2.9877329485074964
player_2,0,0,1765032545509,1765032545509,0,15.832227839999998,2.9877329485074964
player_2,904,1020,1765032545530,1765032545530,0,15.865782271999999,3.0
player_2,905,1022,1765032545580,1765032545580,0,15.931280523263998,3.0
player_2,906,1023,1765032545631,1765032545631,0,15.964815627911168,3.0
player_2,907,1024,1765032545681,1765032545682,1,15.981985601490518,3.0
player_2,908,1025,1765032545732,1765032545732,0,16.0,3.0
player_2,909,1026,1765032545782,1765032545782,0,16.0,3.0
player_2,910,1027,1765032545833,1765032545833,0,16.0,3.4880000000000004
player_2,911,1028,1765032545884,1765032545884,0,16.0,3.737856
player_2,912,1029,1765032545934,1765032545935,1,16.0,3.8657822719999997
player_2,913,1030,1765032545985,1765032545985,0,16.0,3.931280523264
player_2,914,1032,1765032546036,1765032546037,1,16.0,3.964815627911168
player_2,915,1033,1765032546087,1765032546087,0,16.0,3.981985601490518
player_2,916,1035,1765032546137,1765032546138,1,16.0,4.0
player_2,917,1036,1765032546188,1765032546188,0,16.0,4.0
player_2,918,1037,1765032546238,1765032546239,1,16.0,3.5119999999999996
player_2,919,1038,1765032546289,1765032546289,0,16.0,3.262144
player_2,920,1039,1765032546340,1765032546340,0,16.0,3.1342177280000003
player_2,921,1040,1765032546391,1765032546391,0,16.0,3.068719476736
player_2,922,1041,1765032546441,1765032546442,1,16.0,3.5231843720888323
player_2,923,1042,1765032546492,1765032546492,0,16.0,3.755870398509482
player_2,0,0,1765032546512,1765032546512,0,16.0,3.8437570550460682
player_2,0,1043,1765032546512,1765032546512,0,16.0,3.8437570550460682
player_2,924,1044,1765032546542,1765032546542,0,16.0,3.8750056440368548
player_2,925,1046,1765032546593,1765032546593,0,16.0,3.9360028897468697
player_2,926,1047,1765032546643,1765032546643,0,16.0,3.4792334795503974
player_2,927,1048,1765032546693,1765032546694,1,16.0,3.245367541529803
player_2,928,1049,1765032546744,1765032546745,1,16.0,3.100502545010607
player_2,929,1050,1765032546795,1765032546796,1,16.0,3.0514573030454306
player_2,930,1051,1765032546846,1765032546846,0,16.0,2.5383461391592603
player_2,931,1052,1765032546897,1765032546897,0,16.0,2.2756332232495415
player_2,932,1053,1765032546947,1765032546948,1,16.0,2.1411242103037655
player_2,933,1054,1765032546998,1765032546998,0,16.0,2.0722555956755278
player_2,934,1055,1765032547048,1765032547048,0,16.488,2.0369948649858705
player_2,935,1056,1765032547099,1765032547099,0,16.737856,2.0189413708727657
player_2,936,1057,1765032547150,1765032547150,0,16.865782272,2.0
player_2,937,1058,1765032547200,1765032547200,0,16.931280523264,2.0
player_2,938,1059,1765032547250,1765032547251,1,16.964815627911168,2.4880000000000004
player_2,939,1060,1765032547301,1765032547301,0,16.981985601490518,2.737856
player_2,940,1061,1765032547351,1765032547351,0,17.0,2.8657822719999997
player_2,941,1062,1765032547402,1765032547402,0,17.0,2.931280523264
player_2,942,1063,1765032547453,1765032547453,0,16.512,2.964815627911168
player_2,943,1064,1765032547503,1765032547504,1,16.262144,2.981985601490518
player_2,0,0,1765032547516,1765032547516,0,16.209715199999998,2.9855884811924147
player_2,0,0,1765032547516,1765032547516,0,16.209715199999998,2.9855884811924147
player_2,944,1065,1765032547554,1765032547554,0,16.134217728,3.0
player_2,945,1067,1765032547604,1765032547605,1,16.068719476736,3.0
player_2,946,1068,1765032547655,1765032547655,0,15.547184372088832,3.0
player_2,947,1069,1765032547705,1765032547705,0,15.280158398509482,3.0
player_2,948,1070,1765032547755,1765032547756,1,15.143441100036856,3.0
player_2,949,1071,1765032547806,1765032547806,0,15.07344184321887,3.0
player_2,950,1072,1765032547856,1765032547856,0,15.525602223728061,3.0
player_2,951,1073,1765032547907,1765032547907,0,15.757108338548766,3.0
player_2,952,1074,1765032547957,1765032547957,0,15.875639469336969,3.0
player_2,953,1075,1765032548007,1765032548008,1,15.936327408300528,3.0
player_2,954,1076,1765032548058,1765032548058,0,15.967399633049869,2.5119999999999996
player_2,955,1077,1765032548109,1765032548109,0,15.983308612121533,2.262144
player_2,956,1078,1765032548159,1765032548160,1,16.0,2.1342177280000003
player_2,957,1079,1765032548210,1765032548211,1,16.0,2.068719476736
player_2,958,1080,1765032548261,1765032548261,0,15.512,2.035184372088832
player_2,959,1081,1765032548311,1765032548311,0,15.262144000000001,2.018014398509482
player_2,960,1082,1765032548362,1765032548362,0,15.134217728000001,2.0
player_2,961,1083,1765032548412,1765032548412,0,15.068719476736002,2.0
player_2,962,1084,1765032548462,1765032548463,1,15.035184372088832,2.0
player_2,963,1085,1765032548513,1765032548513,0,15.018014398509482,2.0
player_2,0,0,1765032548522,1765032548522,0,15.014411518807586,2.0
player_2,0,0,1765032548522,1765032548522,0,15.014411518807586,2.0
player_2,964,1086,1765032548563,1765032548564,1,15.0,2.0
player_2,965,1088,1765032548614,1765032548614,0,15.0,2.0
player_2,966,1089,1765032548665,1765032548665,0,15.0,1.512
player_2,967,1090,1765032548716,1765032548716,0,15.0,1.262144
player_2,968,1091,1765032548766,1765032548766,0,15.0,1.1342177279999999
player_2,969,1092,1765032548817,1765032548817,0,15.0,1.068719476736
player_2,970,1093,1765032548867,1765032548867,0,15.0,1.035184372088832
player_2,971,1094,1765032548918,1765032548918,0,15.0,1.0180143985094818
player_2,972,1095,1765032548969,1765032548969,0,15.0,1.0
player_2,973,1096,1765032549019,1765032549019,0,15.0,1.0
player_2,974,1097,1765032549069,1765032549070,1,14.512,1.0
player_2,975,1098,1765032549120,1765032549120,0,14.262144000000001,1.0
player_2,976,1099,1765032549170,1765032549170,0,14.134217728000001,1.0
player_2,977,1100,1765032549221,1765032549221,0,14.068719476736002,1.0
player_2,978,1101,1765032549271,1765032549271,0,13.547184372088832,1.0
player_2,979,1102,1765032549321,1765032549322,1,13.280158398509482,1.0
player_2,980,1103,1765032549372,1765032549372,0,13.143441100036856,1.0
player_2,981,1104,1765032549422,1765032549422,0,13.07344184321887,1.0
player_2,982,1105,1765032549472,1765032549473,1,12.549602223728062,1.0
player_2,983,1106,1765032549523,1765032549523,0,12.281396338548769,1.0
player_2,0,0,1765032549529,1765032549529,0,12.225117070839016,1.0
player_2,0,0,1765032549529,1765032549530,1,12.225117070839016,1.0
player_2,984,1107,1765032549573,1765032549573,0,12.14407492533697,1.0
player_2,985,1109,1765032549624,1765032549624,0,12.07376636177253,1.0
player_2,986,1110,1765032549674,1765032549674,0,12.525768377227534,1.0
player_2,987,1111,1765032549724,1765032549725,1,12.757193409140498,1.0
player_2,988,1112,1765032549775,1765032549775,0,12.875683025479935,1.0
player_2,989,1113,1765032549825,1765032549825,0,12.936349709045727,1.0
player_2,990,1114,1765032549876,1765032549876,0,12.479411051031413,1.0
player_2,991,1115,1765032549926,1765032549927,1,12.245458458128084,1.0
player_2,992,1116,1765032549977,1765032549977,0,12.12567473056158,1.0
player_2,993,1118,1765032550027,1765032550028,1,12.06434546204753,1.0
player_2,994,1119,1765032550078,1765032550078,0,12.032944876568335,1.488
player_2,995,1120,1765032550128,1765032550128,0,12.016867776802988,1.737856
player_2,996,1121,1765032550179,1765032550179,0,12.0,1.8657822720000001
player_2,997,1122,1765032550229,1765032550229,0,12.0,1.931280523264
player_2,998,1123,1765032550279,1765032550279,0,12.0,1.4768156279111682
player_2,999,1124,1765032550330,1765032550330,0,12.0,1.244129601490518
player_2,1000,1125,1765032550380,1765032550380,0,12.0,1.1249943559631452
player_2,1001,1126,1765032550430,1765032550431,1,12.0,1.0639971102531303
player_2,1002,1127,1765032550481,1765032550481,0,12.0,0.5447665204496027
player_2,1003,1128,1765032550531,1765032550532,1,12.0,0.2789204584701966
player_2,0,0,1765032550536,1765032550536,0,12.0,0.22313636677615728
player_2,0,1129,1765032550536,1765032550536,0,12.0,0.22313636677615728
player_2,1004,1130,1765032550582,1765032550582,0,12.0,0.14280727473674065
player_2,1005,1132,1765032550632,1765032550632,0,12.0,0.07311732466521122
player_2,1006,1133,1765032550683,1765032550683,0,12.0,0.03743607022858814
player_2,1007,1134,1765032550734,1765032550734,0,12.0,0.01916726795703713
player_2,1008,1135,1765032550784,1765032550784,0,12.0,0.0
player_2,1009,1136,1765032550835,1765032550835,0,12.0,0.0
player_2,1010,1137,1765032550886,1765032550886,0,12.0,0.0
player_2,1011,1138,1765032550936,1765032550937,1,11.409600000000001,0.0
player_2,1012,1139,1765032550987,1765032550988,1,11.209715200000002,0.0
player_2,1013,1141,1765032551038,1765032551039,1,11.107374182400001,0.0
player_2,1014,1142,1765032551089,1765032551090,1,11.0549755813888,0.0
player_2,1015,1143,1765032551140,1765032551140,0,11.028147497671066,0.0
player_2,1016,1144,1765032551190,1765032551190,0,11.014411518807586,0.0
player_2,1017,1145,1765032551241,1765032551241,0,11.0,0.0
player_2,1018,1146,1765032551292,1765032551292,0,11.0,0.0
player_2,1019,1147,1765032551342,1765032551342,0,10.512,0.0
player_2,1020,1148,1765032551392,1765032551393,1,10.262144000000001,0.0
player_2,1021,1149,1765032551443,1765032551444,1,10.134217728000001,0.0
player_2,1022,1150,1765032551494,1765032551494,0,10.068719476736002,0.0
player_2,0,0,1765032551537,1765032551538,1,10.035184372088832,0.488
player_2,0,0,1765032551538,1765032551538,0,10.035184372088832,0.488
player_2,1023,1151,1765032551545,1765032551545,0,10.035184372088832,0.488
player_2,1024,1152,1765032551596,1765032551596,0,10.018014398509482,0.7378560000000001
player_2,1025,1154,1765032551647,1765032551647,0,10.0,0.865782272
player_2,1026,1155,1765032551697,1765032551698,1,10.0,0.931280523264
player_2,1027,1156,1765032551748,1765032551748,0,9.512,0.9648156279111679
player_2,1028,1157,1765032551798,1765032551798,0,9.262144000000001,0.981985601490518
player_2,1029,1158,1765032551849,1765032551849,0,9.134217728000001,1.0
player_2,1030,1159,1765032551899,1765032551899,0,9.068719476736002,1.0
player_2,1031,1160,1765032551949,1765032551950,1,9.035184372088832,1.488
player_2,1032,1161,1765032552000,1765032552001,1,9.018014398509482,1.737856
player_2,1033,1162,1765032552051,1765032552051,0,9.0,1.8657822720000001
player_2,1034,1163,1765032552101,1765032552101,0,9.0,1.931280523264
player_2,1035,1164,1765032552152,1765032552152,0,9.0,1.964815627911168
player_2,1036,1165,1765032552202,1765032552202,0,9.0,1.9819856014905182
player_2,1037,1166,1765032552253,1765032552253,0,9.0,2.0
player_2,1038,1167,1765032552303,1765032552303,0,9.0,2.0
player_2,1039,1168,1765032552354,1765032552354,0,9.0,2.0
player_2,1040,1169,1765032552404,1765032552405,1,9.0,2.0
player_2,1041,1170,1765032552455,1765032552456,1,9.0,2.0
player_2,1042,1171,1765032552506,1765032552506,0,9.0,2.0
player_2,0,0,1765032552539,1765032552539,0,9.0,2.0
player_2,0,0,1765032552539,1765032552539,0,9.0,2.0
player_2,1043,1172,1765032552556,1765032552556,0,9.0,2.0
player_2,1044,1173,1765032552607,1765032552607,0,9.0,2.0
player_2,1045,1174,1765032552658,1765032552658,0,9.0,2.0
player_2,1046,1175,1765032552708,1765032552708,0,9.0,2.0
player_2,1047,1176,1765032552759,1765032552759,0,9.488,2.0
player_2,1048,1177,1765032552809,1765032552809,0,9.737855999999999,2.0
player_2,1049,1178,1765032552859,1765032552859,0,9.865782271999999,2.0
player_2,1050,1179,1765032552910,1765032552910,0,9.931280523263998,2.0
player_2,1051,1180,1765032552960,1765032552960,0,10.452815627911168,2.0
player_2,1052,1181,1765032553010,1765032553011,1,10.719841601490518,2.0
player_2,1053,1183,1765032553061,1765032553061,0,10.856558899963144,2.0
player_2,1054,1184,1765032553111,1765032553111,0,10.92655815678113,2.0
player_2,1055,1186,1765032553162,1765032553162,0,10.474397776271939,2.0
player_2,1056,1187,1765032553212,1765032553212,0,10.242891661451234,2.0
player_2,1057,1188,1765032553262,1765032553263,1,10.124360530663031,2.0
player_2,1058,1189,1765032553313,1765032553314,1,10.063672591699472,2.0
player_2,1059,1190,1765032553364,1765032553364,0,10.52060036695013,2.0
player_2,1060,1191,1765032553415,1765032553415,0,10.754547387878468,2.0
player_2,1061,1192,1765032553466,1765032553466,0,10.874328262593774,2.0
player_2,1062,1193,1765032553516,1765032553517,1,10.935656070448013,2.0
player_2,0,0,1765032553544,1765032553544,0,11.318819885086729,2.0
player_2,0,0,1765032553544,1765032553544,0,11.318819885086729,2.0
player_2,1063,1194,1765032553567,1765032553567,0,11.455055908069383,2.0
player_2,1064,1196,1765032553617,1765032553618,1,11.720988624931525,2.0
player_2,1065,1197,1765032553668,1765032553668,0,11.85714617596494,2.0
player_2,1066,1198,1765032553718,1765032553718,0,11.92685884209405,2.0
player_2,1067,1199,1765032553769,1765032553769,0,11.962551727152155,1.512
player_2,1068,1200,1765032553819,1765032553820,1,11.980826484301904,1.262144
player_2,1069,1201,1765032553870,1765032553871,1,12.0,1.1342177279999999
player_2,1070,1202,1765032553921,1765032553921,0,12.0,1.068719476736
player_2,1071,1203,1765032553972,1765032553972,0,12.0,1.035184372088832
player_2,1072,1204,1765032554022,1765032554022,0,12.0,1.0180143985094818
player_2,1073,1206,1765032554072,1765032554073,1,12.0,1.0
player_2,1074,1207,1765032554123,1765032554124,1,12.0,1.0
player_2,1075,1209,1765032554174,1765032554174,0,12.0,1.0
player_2,1076,1210,1765032554225,1765032554225,0,12.0,1.0
player_2,1077,1211,1765032554275,1765032554275,0,12.0,1.0
player_2,1078,1212,1765032554325,1765032554326,1,12.0,1.0
player_2,1079,1213,1765032554376,1765032554377,1,11.512,1.0
player_2,1080,1214,1765032554427,1765032554427,0,11.262144000000001,1.0
player_2,1081,1215,1765032554477,1765032554477,0,11.134217728000001,1.0
player_2,1082,1216,1765032554527,1765032554528,1,11.068719476736002,1.0
player_2,0,0,1765032554547,1765032554547,0,11.04398046511104,1.0
player_2,0,0,1765032554547,1765032554547,0,11.04398046511104,1.0
player_2,1083,1217,1765032554578,1765032554578,0,11.035184372088832,1.0
player_2,1084,1218,1765032554628,1765032554629,1,11.018014398509482,1.0
player_2,1085,1219,1765032554679,1765032554679,0,11.0,1.0
player_2,1086,1220,1765032554729,1765032554730,1,11.0,1.0
player_2,1087,1221,1765032554780,1765032554780,0,10.512,1.0
player_2,1088,1222,1765032554831,1765032554831,0,10.262144000000001,1.0
player_2,1089,1223,1765032554881,1765032554882,1,10.134217728000001,1.0
player_2,1090,1224,1765032554932,1765032554932,0,10.068719476736002,1.0
player_2,1091,1225,1765032554982,1765032554982,0,10.035184372088832,0.512
player_2,1092,1226,1765032555033,1765032555033,0,10.018014398509482,0.26214400000000004
player_2,1093,1227,1765032555083,1765032555083,0,10.0,0.13421772800000004
player_2,1094,1228,1765032555133,1765032555134,1,10.0,0.06871947673600001
player_2,1095,1230,1765032555184,1765032555184,0,9.512,0.035184372088832
player_2,1096,1231,1765032555234,1765032555234,0,9.262144000000001,0.018014398509481985
player_2,1097,1232,1765032555285,1765032555285,0,9.107374182400001,0.0
player_2,1098,1233,1765032555336,1765032555336,0,9.0549755813888,0.0
player_2,1099,1234,1765032555387,1765032555387,0,9.028147497671066,0.488
player_2,1100,1235,1765032555437,1765032555437,0,9.014411518807586,0.7378560000000001
player_2,1101,1236,1765032555488,1765032555488,0,9.0,0.865782272
player_2,1102,1237,1765032555539,1765032555539,0,9.0,0.931280523264
player_2,0,0,1765032555552,1765032555552,0,8.8,0.9450244186112
player_2,0,1238,1765032555552,1765032555552,0,8.8,0.9450244186112
player_2,1103,1239,1765032555589,1765032555590,1,8.512,0.9648156279111679
player_2,1104,1240,1765032555640,1765032555640,0,8.262144000000001,0.981985601490518
player_2,1105,1241,1765032555690,1765032555691,1,8.134217728000001,1.0
player_2,1106,1242,1765032555741,1765032555741,0,8.068719476736002,1.0
player_2,1107,1243,1765032555791,1765032555792,1,8.523184372088833,1.0
player_2,1108,1244,1765032555842,1765032555842,0,8.755870398509483,1.0
player_2,1109,1245,1765032555893,1765032555893,0,8.875005644036856,1.0
player_2,1110,1246,1765032555943,1765032555943,0,8.93600288974687,1.0
player_2,1111,1247,1765032555994,1765032555995,1,8.967233479550398,1.0
player_2,1112,1248,1765032556045,1765032556045,0,8.983223541529803,1.0
player_2,1113,1249,1765032556100,1765032556100,0,9.0,1.0
player_2,1114,1250,1765032556150,1765032556151,1,9.0,1.0
player_2,1115,1251,1765032556201,1765032556201,0,9.0,1.0
player_2,1116,1252,1765032556251,1765032556251,0,9.0,1.0
player_2,1117,1253,1765032556302,1765032556302,0,9.0,1.0
player_2,1118,1254,1765032556352,1765032556353,1,9.0,1.0
player_2,1119,1255,1765032556403,1765032556403,0,9.0,0.512
player_2,1120,1256,1765032556453,1765032556453,0,9.0,0.26214400000000004
player_2,1121,1257,1765032556504,1765032556504,0,9.0,0.13421772800000004
player_2,1122,1258,1765032556554,1765032556554,0,9.0,0.06871947673600001
player_2,0,0,1765032556565,1765032556566,1,9.2,0.05497558138880001
player_2,0,1259,1765032556566,1765032556566,0,9.2,0.05497558138880001
player_2,1123,1260,1765032556604,1765032556605,1,9.488,0.035184372088832
player_2,1124,1261,1765032556655,1765032556656,1,9.737855999999999,0.018014398509481985
player_2,1125,1262,1765032556706,1765032556706,0,9.865782271999999,0.0
player_2,1126,1263,1765032556757,1765032556757,0,9.931280523263998,0.0
player_2,1127,1264,1765032556807,1765032556808,1,9.476815627911167,0.0
player_2,1128,1265,1765032556858,1765032556858,0,9.244129601490517,0.0
player_2,1129,1266,1765032556908,1765032556909,1,9.124994355963144,0.0
player_2,1130,1267,1765032556959,1765032556959,0,9.06399711025313,0.0
player_2,1131,1268,1765032557010,1765032557010,0,9.032766520449602,0.0
player_2,1132,1269,1765032557060,1765032557061,1,9.016776458470197,0.0
player_2,1133,1270,1765032557111,1765032557112,1,9.0,0.0
player_2,1134,1271,1765032557162,1765032557163,1,9.0,0.0
player_2,1135,1272,1765032557213,1765032557213,0,8.512,0.0
player_2,1136,1273,1765032557264,1765032557264,0,8.262144000000001,0.0
player_2,1137,1274,1765032557314,1765032557315,1,8.134217728000001,0.0
player_2,1138,1275,1765032557365,1765032557366,1,8.068719476736002,0.0
player_2,1139,1276,1765032557416,1765032557416,0,8.035184372088832,0.0
player_2,1140,1277,1765032557466,1765032557466,0,8.018014398509482,0.0
player_2,1141,1278,1765032557517,1765032557517,0,8.0,0.0
player_2,1142,1279,1765032557567,1765032557567,0,8.0,0.0
player_2,0,0,1765032557573,1765032557573,0,7.8,0.0
player_2,0,1280,1765032557573,1765032557573,0,7.8,0.0
player_2,1143,1281,1765032557617,1765032557618,1,7.512,0.0
player_2,1144,1283,1765032557668,1765032557668,0,7.262143999999999,0.0
player_2,1145,1284,1765032557718,1765032557719,1,7.134217728,0.0
player_2,1146,1285,1765032557769,1765032557769,0,7.068719476736,0.0
player_2,1147,1286,1765032557819,1765032557819,0,7.035184372088832,0.0
player_2,1148,1287,1765032557869,1765032557870,1,7.018014398509482,0.0
player_2,1149,1288,1765032557920,1765032557921,1,7.0,0.0
player_2,1150,1289,1765032557971,1765032557971,0,7.0,0.0
player_2,1151,1290,1765032558021,1765032558021,0,7.0,0.488
player_2,1152,1292,1765032558072,1765032558072,0,7.0,0.7378560000000001
player_2,1153,1293,1765032558122,1765032558123,1,7.0,0.865782272
player_2,1154,1294,1765032558173,1765032558173,0,7.0,0.931280523264
player_2,1155,1296,1765032558223,1765032558224,1,7.0,0.47681562791116805
player_2,1156,1297,1765032558274,1765032558275,1,7.0,0.24412960149051804
player_2,1157,1298,1765032558325,1765032558325,0,7.0,0.09999548477051619
player_2,1158,1299,1765032558376,1765032558376,0,7.0,0.05119768820250429
player_2,1159,1300,1765032558427,1765032558427,0,7.0,0.026213216359682195
player_2,1160,1301,1765032558477,1765032558477,0,7.0,0.013421166776157284
player_2,1161,1302,1765032558527,1765032558528,1,7.0,0.0
player_2,0,0,1765032558575,1765032558576,1,7.0,0.0
player_2,0,1303,1765032558576,1765032558576,0,7.0,0.0
player_2,1162,1304,1765032558578,1765032558578,0,7.0,0.0
player_2,1163,1305,1765032558628,1765032558628,0,6.512,0.0
player_2,1164,1307,1765032558679,1765032558679,0,6.262143999999999,0.0
player_2,1165,1308,1765032558729,1765032558729,0,6.134217728,0.0
player_2,1166,1309,1765032558779,1765032558780,1,6.068719476736,0.0
player_2,1167,1310,1765032558830,1765032558830,0,6.523184372088832,0.0
player_2,1168,1311,1765032558881,1765032558881,0,6.755870398509482,0.0
player_2,1169,1312,1765032558931,1765032558931,0,6.875005644036855,0.0
player_2,1170,1313,1765032558982,1765032558982,0,6.936002889746869,0.0
player_2,1171,1314,1765032559032,1765032559032,0,6.967233479550397,0.0
player_2,1172,1316,1765032559083,1765032559083,0,6.983223541529803,0.0
player_2,1173,1317,1765032559134,1765032559134,0,7.0,0.0
player_2,1174,1318,1765032559184,1765032559184,0,7.0,0.0
player_2,1175,1319,1765032559234,1765032559235,1,7.488,0.0
player_2,1176,1320,1765032559285,1765032559286,1,7.737856000000001,0.0
player_2,1177,1321,1765032559336,1765032559336,0,7.865782272,0.0
player_2,1178,1322,1765032559387,1765032559387,0,7.931280523264,0.0
player_2,1179,1323,1765032559437,1765032559437,0,7.964815627911168,0.0
player_2,1180,1324,1765032559487,1765032559488,1,7.981985601490518,0.0
player_2,1181,1325,1765032559538,1765032559538,0,8.0,0.0
player_2,0,0,1765032559585,1765032559585,0,8.0,0.0
player_2,0,0,1765032559585,1765032559585,0,8.0,0.0
player_2,1182,1326,1765032559588,1765032559588,0,8.0,0.0
player_2,1183,1327,1765032559638,1765032559639,1,8.0,0.0
player_2,1184,1329,1765032559689,1765032559689,0,8.0,0.0
player_2,1185,1330,1765032559739,1765032559739,0,8.0,0.0
player_2,1186,1331,1765032559790,1765032559790,0,8.0,0.0
player_2,1187,1332,1765032559840,1765032559841,1,8.0,0.488
player_2,1188,1333,1765032559891,1765032559891,0,8.0,0.7378560000000001
player_2,1189,1334,1765032559942,1765032559942,0,8.0,0.865782272
player_2,1190,1335,1765032559993,1765032559993,0,8.0,0.931280523264
player_2,1191,1336,1765032560043,1765032560043,0,8.0,0.9648156279111679
player_2,1192,1338,1765032560094,1765032560094,0,8.0,0.981985601490518
player_2,1193,1339,1765032560144,1765032560144,0,8.0,1.0
player_2,1194,1341,1765032560194,1765032560195,1,8.0,1.0
player_2,1195,1342,1765032560245,1765032560245,0,8.488,1.0
player_2,1196,1343,1765032560296,1765032560296,0,8.737855999999999,1.0
player_2,1197,1344,1765032560346,1765032560346,0,8.865782271999999,1.0
player_2,1198,1345,1765032560397,1765032560397,0,8.931280523263998,1.0
player_2,1199,1346,1765032560447,1765032560448,1,8.964815627911168,1.0
player_2,1200,1347,1765032560498,1765032560499,1,8.981985601490518,0.512
player_2,1201,1348,1765032560549,1765032560549,0,9.0,0.26214400000000004
player_2,0,0,1765032560586,1765032560586,0,9.0,0.13421772800000004
player_2,0,1349,1765032560586,1765032560586,0,9.0,0.13421772800000004
player_2,1202,1350,1765032560600,1765032560600,0,9.0,0.13421772800000004
player_2,1203,1351,1765032560650,1765032560650,0,9.0,0.06871947673600001
player_2,1204,1352,1765032560700,1765032560701,1,9.488,0.035184372088832
player_2,1205,1353,1765032560751,1765032560751,0,9.737855999999999,0.018014398509481985
player_2,1206,1354,1765032560801,1765032560802,1,9.865782271999999,0.0
player_2,1207,1355,1765032560852,1765032560852,0,9.931280523263998,0.0
player_2,1208,1356,1765032560902,1765032560902,0,9.964815627911168,0.488
player_2,1209,1357,1765032560953,1765032560953,0,9.981985601490518,0.7378560000000001
player_2,1210,1358,1765032561003,1765032561003,0,10.0,0.865782272
player_2,1211,1359,1765032561053,1765032561054,1,10.0,0.931280523264
player_2,1212,1361,1765032561104,1765032561104,0,10.0,1.4528156279111681
player_2,1213,1362,1765032561154,1765032561154,0,10.0,1.719841601490518
player_2,1214,1364,1765032561205,1765032561205,0,10.0,1.8565588999631453
player_2,1215,1365,1765032561255,1765032561255,0,10.0,1.9265581567811305
player_2,1216,1366,1765032561305,1765032561306,1,10.0,2.450397776271939
player_2,1217,1367,1765032561356,1765032561356,0,10.0,2.7186036614512323
player_2,1218,1368,1765032561406,1765032561407,1,10.0,2.855925074663031
player_2,1219,1369,1765032561457,1765032561457,0,10.0,2.9262336382274716
player_2,1220,1370,1765032561507,1765032561507,0,10.488,2.9622316227724657
player_2,1221,1371,1765032561557,1765032561558,1,10.737855999999999,2.9806625908595024
player_2,0,0,1765032561593,1765032561594,1,10.865782271999999,3.0
player_2,0,0,1765032561594,1765032561594,0,10.865782271999999,3.0
player_2,1222,1372,1765032561608,1765032561609,1,10.865782271999999,3.0
player_2,1223,1373,1765032561659,1765032561659,0,10.9450244186112,3.0
player_2,1224,1374,1765032561710,1765032561710,0,11.459852502328934,3.0
player_2,1225,1375,1765032561761,1765032561761,0,11.723444481192413,3.0
player_2,1226,1376,1765032561812,1765032561812,0,11.858403574370517,3.0
player_2,1227,1377,1765032561862,1765032561863,1,12.415502630077706,3.0
player_2,1228,1378,1765032561913,1765032561913,0,12.700737346599785,3.0
player_2,1229,1379,1765032561963,1765032561963,0,12.84677752145909,3.0
player_2,1230,1380,1765032562014,1765032562014,0,12.921550090987054,3.0
player_2,1231,1382,1765032562064,1765032562064,0,12.959833646585372,3.4880000000000004
player_2,1232,1383,1765032562115,1765032562115,0,12.97943482705171,3.737856
player_2,1233,1384,1765032562165,1765032562166,1,12.989470631450477,3.8657822719999997
player_2,1234,1386,1765032562216,1765032562217,1,13.0,3.931280523264
player_2,1235,1387,1765032562267,1765032562267,0,13.0,3.4768156279111677
player_2,1236,1388,1765032562317,1765032562317,0,13.0,3.244129601490518
player_2,1237,1389,1765032562368,1765032562368,0,13.0,3.1249943559631452
player_2,1238,1390,1765032562418,1765032562418,0,13.0,3.0639971102531303
player_2,1239,1391,1765032562468,1765032562469,1,13.488,3.0327665204496026
player_2,1240,1392,1765032562519,1765032562519,0,13.737855999999999,3.016776458470196
player_2,1241,1393,1765032562569,1765032562569,0,13.865782271999999,3.0
player_2,0,0,1765032562602,1765032562602,0,13.914100654079999,3.0
player_2,0,0,1765032562602,1765032562602,0,13.914100654079999,3.0
player_2,1242,1394,1765032562620,1765032562620,0,13.931280523263998,3.0
player_2,1243,1395,1765032562670,1765032562671,1,13.964815627911168,2.5119999999999996
player_2,1244,1396,1765032562721,1765032562721,0,13.981985601490518,2.262144
player_2,1245,1397,1765032562771,1765032562772,1,14.0,2.1342177280000003
player_2,1246,1398,1765032562822,1765032562822,0,14.0,2.068719476736
player_2,1247,1399,1765032562873,1765032562873,0,14.0,2.035184372088832
player_2,1248,1400,1765032562924,1765032562924,0,14.0,2.018014398509482
player_2,1249,1401,1765032562975,1765032562975,0,14.0,2.0
player_2,1250,1402,1765032563025,1765032563026,1,14.0,2.0
player_2,1251,1403,1765032563076,1765032563076,0,14.0,2.0
player_2,1252,1404,1765032563127,1765032563127,0,14.0,1.512
player_2,1253,1405,1765032563177,1765032563177,0,14.0,1.262144
player_2,1254,1407,1765032563227,1765032563228,1,14.0,1.1342177279999999
player_2,1255,1408,1765032563278,1765032563278,0,14.0,1.068719476736
