timestamp,cpu_percent,bytes_sent,player1_pos_x,player1_pos_y
1765032296.0432236,0.0,0,0,0
1765032296.0942156,58.3,0,0,0
1765032296.1450067,54.2,0,0,0
1765032296.195864,55.2,0,0,0
1765032296.2467551,48.0,0,0,0
1765032296.2975974,50.0,0,0,0
1765032296.3484755,52.0,0,0,0
1765032296.3993707,56.7,0,0,0
1765032296.4502025,57.7,0,0,0
1765032296.5010796,56.5,0,0,0
1765032296.5519378,51.6,0,0,0
1765032296.602812,46.2,0,0,0
1765032296.6536584,50.0,0,0,0
1765032296.7044945,50.0,0,0,0
1765032296.755403,53.3,0,0,0
1765032296.8062482,50.0,0,0,0
1765032296.8570974,66.7,0,0,0
1765032296.9080288,50.0,0,0,0
1765032296.9588416,56.7,0,0,0
1765032297.0097299,50.0,0,0,0
1765032297.0605361,54.2,0,0,0
1765032297.1114693,50.0,0,0,0
1765032297.1622837,55.2,0,0,0
1765032297.2131472,50.0,0,0,0
1765032297.264013,50.0,0,0,0
1765032297.3148677,48.1,0,0,0
1765032297.3657427,58.1,0,0,0
1765032297.4166286,54.5,0,0,0
1765032297.4674633,50.0,0,0,0
1765032297.5184124,55.6,0,0,0
1765032297.569205,50.0,0,0,0
1765032297.620047,50.0,0,0,0
1765032297.6738093,83.3,0,0,0
1765032297.7247932,63.3,0,0,0
1765032297.7756393,46.2,0,0,0
1765032297.826526,50.0,0,0,0
1765032297.8773646,70.8,0,0,0
1765032297.9282465,64.5,0,0,0
1765032297.9790819,60.0,0,0,0
1765032298.0299733,66.7,0,0,0
1765032298.080862,68.0,0,0,0
1765032298.1317565,60.0,0,0,0
1765032298.1825345,60.0,0,0,0
1765032298.2333975,60.0,0,0,0
1765032298.2843091,62.5,0,0,0
1765032298.3351405,65.6,0,0,0
1765032298.3859909,75.0,0,0,0
1765032298.4368615,75.0,0,0,0
1765032298.4877398,79.2,0,0,0
1765032298.5386424,81.2,0,0,0
1765032298.5894654,87.5,0,0,0
1765032298.6403859,75.0,0,0,0
1765032298.6912484,79.2,0,0,0
1765032298.7422395,78.1,0,0,0
1765032298.7928665,83.3,0,0,0
1765032298.8438218,91.7,0,0,0
1765032298.894632,75.0,0,0,0
1765032298.9454732,84.4,0,0,0
1765032298.996505,83.3,996,0,0
1765032299.0470266,83.3,1378,0,0
1765032299.097828,92.0,1760,0,0
1765032299.1487584,90.6,2142,0,0
1765032299.1998227,75.0,2524,1,0
1765032299.2505536,83.3,2906,1,0
1765032299.301207,83.3,3288,1,0
1765032299.351643,93.8,3670,1,0
1765032299.401971,79.2,5149,1,0
1765032299.4525497,83.3,5913,1,0
1765032299.5027776,79.2,6677,1,0
1765032299.5531526,84.4,7441,1,0
1765032299.6035929,96.0,8205,0,0
1765032299.6541264,79.2,8969,0,0
1765032299.7046547,79.2,9733,0,0
1765032299.754967,78.1,10497,0,0
1765032299.8053572,75.0,11261,0,0
1765032299.8563015,79.2,12025,0,0
1765032299.9093473,79.2,12789,0,0
1765032299.9599018,81.2,14428,0,0
1765032300.0103257,70.8,16214,0,1
1765032300.0606284,100.0,17360,0,1
1765032300.1115465,87.5,18506,0,1
1765032300.1622648,75.0,19652,0,1
1765032300.2127707,62.5,20798,1,1
1765032300.2633007,70.8,21944,1,1
1765032300.3136597,62.5,23090,1,1
1765032300.3644426,71.9,24236,1,1
1765032300.414779,70.8,25702,1,1
1765032300.4652338,66.7,26848,1,1
1765032300.5164719,66.7,29355,1,1
1765032300.5670345,83.3,30883,1,1
1765032300.6179125,81.2,32411,1,0
1765032300.6680782,62.5,33939,1,0
1765032300.71859,50.0,35467,1,0
1765032300.7694561,62.5,36995,1,0
1765032300.8200023,53.1,38523,1,0
1765032300.8707998,50.0,40051,1,0
1765032300.921172,58.3,41579,1,0
1765032300.9715536,50.0,43487,1,0
1765032301.0223606,62.5,45391,0,0
1765032301.0722914,79.2,46919,0,0
1765032301.1226811,75.0,48447,0,0
1765032301.1732962,54.2,49975,0,0
1765032301.2234852,50.0,51503,0,0
1765032301.2744381,50.0,53031,0,0
1765032301.3248053,50.0,54559,0,0
1765032301.37578,54.2,56087,0,0
1765032301.4267452,50.0,58005,0,1
1765032301.4775562,62.5,59533,0,1
1765032301.528484,62.5,61198,0,1
1765032301.5794044,58.3,62726,0,1
1765032301.630002,62.5,64254,0,1
1765032301.6803513,50.0,65782,0,1
1765032301.7307067,50.0,67310,0,1
1765032301.7810643,50.0,68838,0,1
1765032301.832001,50.0,70366,0,1
1765032301.882309,50.0,71894,0,1
1765032301.9327183,50.0,73422,0,1
1765032301.9831352,50.0,75331,0,1
1765032302.0338187,75.0,76996,0,1
1765032302.0844796,56.2,78524,0,0
1765032302.1354618,66.7,80052,0,0
1765032302.1858234,58.3,81580,0,0
1765032302.23671,50.0,83108,0,0
1765032302.2875078,50.0,84636,0,0
1765032302.3380573,54.2,86164,0,0
1765032302.3880413,58.3,87692,0,0
1765032302.4387462,54.2,89359,0,0
1765032302.4892342,58.1,90887,0,0
1765032302.5398436,52.0,92800,0,0
1765032302.590402,62.5,94328,0,0
1765032302.640365,60.0,95856,0,0
1765032302.6907294,58.3,97384,0,0
1765032302.7411673,53.1,98912,0,0
1765032302.791569,50.0,100440,0,0
1765032302.8419256,50.0,101968,0,0
1765032302.8922913,58.3,103496,0,0
1765032302.9431643,53.1,105024,0,0
1765032302.9935505,54.2,106690,0,0
1765032303.0439756,54.2,108355,0,0
1765032303.0948718,54.2,109883,1,0
1765032303.1457298,53.1,111411,1,0
1765032303.1961544,62.5,112939,1,0
1765032303.24655,54.2,114467,1,0
1765032303.2975693,50.0,115995,2,0
1765032303.3483636,50.0,117523,2,0
1765032303.3989003,69.7,119051,2,0
1765032303.4500484,54.2,120718,2,0
1765032303.5005922,54.2,122246,1,0
1765032303.5512867,58.3,123912,1,0
1765032303.6014495,50.0,125440,1,0
1765032303.651892,54.2,126968,1,0
1765032303.7027974,58.3,128496,0,0
1765032303.75375,58.3,130024,0,0
1765032303.804238,56.2,131552,0,0
1765032303.8544674,50.0,133080,0,0
1765032303.9054065,62.5,134608,0,0
1765032303.9557908,50.0,136136,0,0
1765032304.0067844,59.4,138049,0,0
1765032304.0574164,70.8,139714,0,0
1765032304.1077719,50.0,141242,0,0
1765032304.1585128,58.3,142770,0,0
1765032304.208929,65.6,144298,0,0
1765032304.2594333,58.3,145826,0,0
1765032304.3099186,50.0,147354,1,0
1765032304.3602486,54.2,148882,1,0
1765032304.4105604,58.3,150410,1,0
1765032304.4617338,50.0,152324,1,0
1765032304.5118372,54.2,153852,0,0
1765032304.563173,50.0,155761,0,0
1765032304.6138506,64.0,157289,0,0
1765032304.6640143,56.2,158817,0,0
1765032304.7144778,54.2,160345,0,0
1765032304.7653656,50.0,161873,0,0
1765032304.8156874,50.0,163401,0,0
1765032304.8661468,56.2,164929,0,0
1765032304.9166121,66.7,166457,1,0
1765032304.9675312,50.0,167985,1,0
1765032305.018234,54.2,169788,1,0
1765032305.068773,50.0,171316,1,1
1765032305.119949,54.2,172844,1,1
1765032305.170158,54.2,174372,1,1
1765032305.2206151,54.2,175900,1,1
1765032305.2716525,50.0,177428,1,1
1765032305.3218882,50.0,178956,1,1
1765032305.37238,54.2,180484,1,1
1765032305.4226577,54.2,182012,1,1
1765032305.473081,50.0,183679,1,1
1765032305.5240526,62.5,185592,1,1
1765032305.574488,50.0,187120,1,1
1765032305.6254244,50.0,188648,1,1
1765032305.676473,54.2,190176,1,1
1765032305.7274408,53.1,191704,0,1
1765032305.7777681,54.2,193232,0,1
1765032305.8287675,50.0,194760,0,1
1765032305.8795128,54.2,196288,0,1
1765032305.930101,56.2,197816,0,2
1765032305.9802437,50.0,199344,0,2
1765032306.0307832,58.3,201645,0,2
1765032306.0819533,54.2,203173,0,2
1765032306.1319692,57.6,204701,1,2
1765032306.182449,50.0,206229,1,2
1765032306.2328315,54.2,207757,1,2
1765032306.2831478,54.2,209285,1,2
1765032306.3335602,50.0,210813,1,3
1765032306.383966,54.2,212341,1,3
1765032306.4349356,50.0,213869,1,3
1765032306.485815,50.0,215536,1,3
1765032306.5362065,54.2,217202,0,3
1765032306.5871692,50.0,218730,0,3
1765032306.6375344,50.0,220258,0,3
1765032306.6884527,58.3,221786,0,3
1765032306.7388358,50.0,223314,0,2
1765032306.7898264,53.1,224842,0,2
1765032306.840219,50.0,226370,0,2
1765032306.8906133,50.0,227898,0,2
1765032306.9408586,58.3,229426,0,1
1765032306.9917128,53.1,230954,0,1
1765032307.042633,66.7,233004,0,1
1765032307.0935156,50.0,234532,0,1
1765032307.144208,54.2,236060,0,1
1765032307.1944811,56.2,237588,0,1
1765032307.2452397,58.3,239116,0,1
1765032307.295601,52.0,240644,0,1
1765032307.3460171,50.0,242172,0,2
1765032307.396426,50.0,243700,0,2
1765032307.4468036,50.0,245228,0,2
1765032307.4973698,58.3,247138,0,2
1765032307.5476685,54.2,248804,0,2
1765032307.5981271,54.2,250332,0,2
1765032307.6481156,53.1,251860,0,2
1765032307.698674,58.3,253388,0,2
1765032307.7496905,54.2,254916,0,2
1765032307.800527,50.0,256444,0,2
1765032307.8509564,50.0,257972,0,2
1765032307.901204,58.3,259500,0,2
1765032307.9521604,54.2,261028,0,1
1765032308.0026042,50.0,262556,0,1
1765032308.053476,65.6,264602,0,1
1765032308.104009,50.0,266130,0,1
1765032308.1542115,50.0,267658,0,2
1765032308.2055254,58.3,269186,0,2
1765032308.255833,59.4,270714,0,2
1765032308.306606,50.0,272242,0,2
1765032308.3575256,52.0,273770,1,2
1765032308.408462,50.0,275298,1,2
1765032308.4595551,53.1,277212,1,2
1765032308.5107074,58.3,278740,1,2
1765032308.5613637,54.2,280653,1,2
1765032308.6115937,50.0,282181,1,2
1765032308.662119,53.1,283709,1,2
1765032308.7125018,50.0,285237,1,2
1765032308.7633712,54.2,286765,1,1
1765032308.8138196,58.3,288293,1,1
1765032308.864178,50.0,289821,1,1
1765032308.9150898,59.4,291349,1,1
1765032308.9659703,50.0,292877,0,1
1765032309.0168848,58.3,294790,0,1
1765032309.0672824,62.5,296455,0,1
1765032309.1178224,50.0,297983,0,1
1765032309.1686058,54.2,299511,1,1
1765032309.218996,58.3,301039,1,1
1765032309.2695844,54.2,302567,1,1
1765032309.3199172,59.4,304095,1,1
1765032309.3702383,58.3,305623,1,1
1765032309.420575,58.3,307151,1,1
1765032309.471481,54.2,309069,1,1
1765032309.5223954,50.0,310597,1,1
1765032309.5727985,50.0,312510,1,2
1765032309.6237206,54.2,314038,1,2
1765032309.6740358,50.0,315566,1,2
1765032309.7245448,54.5,317094,1,2
1765032309.7753894,50.0,318622,1,3
1765032309.8257363,54.2,320150,1,3
1765032309.876142,54.2,321678,1,3
1765032309.9265513,50.0,323206,1,3
1765032309.9774125,56.2,324734,1,3
1765032310.0285094,58.3,326647,1,3
1765032310.0793226,100.0,328555,1,3
1765032310.1293554,62.5,330083,1,3
1765032310.1801562,53.1,331611,1,3
1765032310.2305565,62.5,333139,1,2
1765032310.2809222,58.3,334667,1,2
1765032310.3313987,62.5,336195,1,2
1765032310.3818586,59.4,337723,1,2
1765032310.4327803,50.0,339251,0,2
1765032310.4839516,62.5,341165,0,2
1765032310.5340621,54.2,342693,0,2
1765032310.5849152,50.0,344598,0,2
1765032310.6347985,50.0,346126,1,2
1765032310.685209,50.0,347654,1,2
1765032310.7357376,54.2,349182,1,2
1765032310.7867832,65.6,350710,1,2
1765032310.8375597,54.2,352238,1,1
1765032310.8884397,50.0,353766,1,1
1765032310.9395554,50.0,355294,1,1
1765032310.9903564,56.2,356822,1,0
1765032311.0408354,54.2,358735,1,0
1765032311.0912151,50.0,360404,1,0
1765032311.1415765,54.2,361936,1,0
1765032311.191744,50.0,363468,1,1
1765032311.2423356,62.5,365000,1,1
1765032311.2931473,50.0,366532,1,1
1765032311.343542,54.2,368064,1,1
1765032311.393984,58.3,369596,0,1
1765032311.4449081,50.0,371128,0,1
1765032311.4953287,66.7,373050,0,1
1765032311.5461738,50.0,374582,0,1
1765032311.5971713,50.0,376252,0,0
1765032311.6475189,53.1,377784,0,0
1765032311.6984382,50.0,379316,0,0
1765032311.7487867,54.2,380848,0,0
1765032311.7991614,50.0,382380,0,1
1765032311.8497252,59.4,383912,0,1
1765032311.8999946,50.0,385444,0,1
1765032311.9502983,54.2,386976,0,1
1765032312.0008638,58.3,388508,0,1
1765032312.0516367,54.2,390425,0,1
1765032312.102576,53.1,392094,0,1
1765032312.1535106,54.2,393626,0,1
1765032312.2038622,50.0,395150,0,1
1765032312.254353,52.0,396674,1,1
1765032312.3047094,50.0,398198,1,1
1765032312.3550632,54.2,399722,1,1
1765032312.4060874,54.2,401246,1,1
1765032312.456425,50.0,402770,0,1
1765032312.5068243,59.4,404683,0,1
1765032312.5573835,54.2,406211,0,1
1765032312.6081007,50.0,408124,0,1
1765032312.658416,50.0,409652,1,1
1765032312.7088137,50.0,411180,1,1
1765032312.759409,54.2,412708,1,1
1765032312.8099067,50.0,414236,1,1
1765032312.8601942,62.5,415764,0,1
1765032312.9104826,54.2,417292,0,1
1765032312.960879,50.0,418820,0,1
1765032313.0113902,64.0,420348,0,1
1765032313.0621157,50.0,422257,0,1
1765032313.1125555,50.0,423922,0,1
1765032313.1625051,53.1,425450,0,1
1765032313.2128906,50.0,426978,0,1
1765032313.2633007,54.2,428506,0,1
1765032313.313717,50.0,430034,0,1
1765032313.3641598,54.2,431562,0,1
1765032313.4145358,53.1,433098,0,1
1765032313.4651682,50.0,434634,0,2
1765032313.5154228,61.5,436552,0,2
1765032313.566126,54.2,438088,0,2
1765032313.6162145,56.2,440009,0,2
1765032313.6666188,54.2,441545,0,2
1765032313.7169833,50.0,443081,0,2
1765032313.7675831,54.2,444617,0,2
1765032313.8180544,53.1,446153,0,2
1765032313.868673,58.3,447689,0,2
1765032313.9192042,50.0,449225,0,2
1765032313.9697416,50.0,450761,0,2
1765032314.0202162,58.3,452297,0,2
1765032314.070706,53.1,454218,0,1
1765032314.1207883,50.0,455891,0,1
1765032314.171932,50.0,457427,0,1
1765032314.2225878,50.0,458963,0,1
1765032314.2728605,50.0,460499,1,1
1765032314.3233027,50.0,462035,1,1
1765032314.37363,62.5,463571,1,1
1765032314.424687,50.0,465107,1,1
1765032314.4750097,50.0,466643,2,1
1765032314.5254278,75.0,468569,2,1
1765032314.5758367,54.2,470105,2,1
1765032314.6261034,54.2,471779,2,1
1765032314.6766677,58.3,473315,3,1
1765032314.7269433,53.1,474851,3,1
1765032314.7774105,58.3,476387,3,1
1765032314.828359,50.0,477915,3,1
1765032314.8790734,58.3,479443,3,1
1765032314.930335,53.1,480971,3,1
1765032314.9805074,50.0,482499,3,1
1765032315.030889,66.7,484027,3,1
1765032315.0812829,50.0,485940,3,0
1765032315.1317875,56.2,487848,3,0
1765032315.182101,58.3,489376,3,0
1765032315.232501,50.0,490904,3,0
1765032315.2827973,50.0,492432,3,0
1765032315.333343,56.2,493960,3,0
1765032315.3836505,58.3,495488,3,0
1765032315.4340382,54.2,497016,3,0
1765032315.484419,60.0,498544,3,1
1765032315.5350273,66.7,500453,3,1
1765032315.5860581,56.2,502370,3,1
1765032315.6360345,70.8,503910,3,1
1765032315.6865034,50.0,505450,3,1
1765032315.7372928,50.0,506990,3,1
1765032315.7873828,62.5,508530,3,1
1765032315.8377888,58.3,510070,3,1
1765032315.8886745,50.0,511610,3,0
1765032315.939525,50.0,513150,3,0
1765032315.9899986,53.1,514690,3,0
1765032316.0403368,54.2,516230,3,0
1765032316.0908122,58.3,518155,4,0
1765032316.1410828,62.5,520076,4,0
1765032316.1913939,50.0,521616,4,0
1765032316.2418165,53.1,523156,4,0
1765032316.2922049,50.0,524696,4,0
1765032316.3432512,50.0,526236,4,0
1765032316.3935323,62.5,527776,4,0
1765032316.4439378,50.0,529316,4,0
1765032316.4943247,50.0,530856,4,0
1765032316.5452347,62.5,532787,4,0
1765032316.5961487,50.0,534712,4,0
1765032316.6470308,50.0,536252,4,0
1765032316.6974247,50.0,537792,3,0
1765032316.7477942,54.2,539332,3,0
1765032316.798646,54.2,540872,3,0
1765032316.8492737,59.4,542412,3,0
1765032316.9001417,54.2,543952,3,0
1765032316.9504316,50.0,545492,3,0
1765032317.0008442,54.2,547032,3,0
1765032317.051639,54.2,548572,3,0
1765032317.1028984,59.4,550251,3,0
1765032317.1537378,66.7,551929,3,0
1765032317.2043712,50.0,553469,3,0
1765032317.2547686,52.0,555009,3,0
1765032317.3051724,59.4,556549,3,0
1765032317.355808,54.2,558089,3,0
1765032317.4064577,54.2,559629,3,0
1765032317.4569588,50.0,561169,3,0
1765032317.5072732,53.1,562709,2,0
1765032317.557805,79.2,564640,2,0
1765032317.60855,50.0,566566,2,0
1765032317.6589696,58.3,568106,2,0
1765032317.7092717,50.0,569646,2,1
1765032317.759748,50.0,571186,2,1
1765032317.810215,50.0,572726,2,1
1765032317.86053,62.5,574266,2,1
1765032317.911021,58.3,575806,2,1
1765032317.9614627,50.0,577346,2,1
1765032318.012414,58.3,578886,2,1
1765032318.06283,50.0,580426,2,1
1765032318.113675,50.0,582352,2,2
1765032318.1641586,50.0,584273,2,2
1765032318.2144635,50.0,585813,2,2
1765032318.2648556,54.2,587353,2,2
1765032318.3151977,50.0,588893,1,2
1765032318.366068,53.1,590433,1,2
1765032318.4164357,62.5,591973,1,2
1765032318.466854,50.0,593513,1,2
1765032318.5174088,54.2,595053,0,2
1765032318.5679922,56.2,596733,0,2
1765032318.6190624,54.2,598659,0,2
1765032318.6696742,66.7,600199,0,2
1765032318.7205296,50.0,601739,0,2
1765032318.7713976,53.1,603279,0,2
1765032318.82177,58.3,604819,0,2
1765032318.8723748,50.0,606359,0,2
1765032318.9226515,62.5,607899,1,2
1765032318.9730794,50.0,609439,1,2
1765032319.0235279,56.2,610979,1,2
1765032319.0740097,50.0,612905,1,2
1765032319.1250217,50.0,614826,1,2
1765032319.17522,50.0,616366,1,2
1765032319.2255814,50.0,617906,1,2
1765032319.2759795,54.2,619446,1,2
1765032319.3263466,58.3,620986,1,3
1765032319.3769433,54.2,622526,1,3
1765032319.427115,53.1,624066,1,3
1765032319.4775054,50.0,625606,1,3
1765032319.5278563,52.0,627533,1,2
1765032319.5782952,66.7,629073,1,2
1765032319.6287355,50.0,630999,1,2
1765032319.6798394,59.4,632539,1,2
1765032319.7300363,52.0,634079,0,2
1765032319.7803583,54.2,635619,0,2
1765032319.8307052,50.0,637159,0,2
1765032319.8811884,68.8,638699,0,2
1765032319.9318829,50.0,640239,0,3
1765032319.9825766,50.0,641779,0,3
1765032320.0336406,58.3,643319,0,3
1765032320.0846493,53.1,645245,0,3
1765032320.1354465,62.5,647166,0,3
1765032320.1854556,54.2,648710,0,3
1765032320.235952,50.0,650254,0,3
1765032320.2861187,54.2,651798,0,3
1765032320.3365736,50.0,653342,0,4
1765032320.3871214,66.7,654886,0,4
1765032320.4377742,50.0,656430,0,4
1765032320.488666,50.0,657974,0,4
1765032320.5391097,53.1,659909,0,4
1765032320.589548,75.0,661453,0,4
1765032320.6402996,54.2,663383,0,4
1765032320.6908522,50.0,664927,0,4
1765032320.7416692,53.1,666471,0,5
1765032320.7921605,50.0,668015,0,5
1765032320.8426363,56.0,669559,0,5
1765032320.8930118,70.8,671103,0,5
1765032320.9433854,50.0,672647,0,5
1765032320.9938805,58.3,674191,0,5
1765032321.044709,54.2,675735,0,5
1765032321.0950708,50.0,677418,0,5
1765032321.1454878,58.3,679339,0,5
1765032321.1958668,50.0,680883,0,5
1765032321.2462375,56.0,682427,0,5
1765032321.2966042,50.0,683971,0,5
1765032321.3471174,50.0,685515,0,5
1765032321.3975012,59.4,687059,0,5
1765032321.447836,50.0,688603,0,5
1765032321.4982204,54.2,690147,0,5
1765032321.5487256,50.0,691831,0,5
1765032321.5999887,75.0,693375,0,5
1765032321.65006,54.2,695305,0,5
1765032321.700529,50.0,696849,0,5
1765032321.7506113,68.0,698393,0,4
1765032321.801529,50.0,699937,0,4
1765032321.8520737,56.2,701481,0,4
1765032321.902464,58.3,703025,0,4
1765032321.9535425,52.0,704577,1,4
1765032322.0040033,54.2,706129,1,4
1765032322.0547605,53.1,707681,1,4
1765032322.1051013,50.0,709619,1,4
1765032322.1556811,83.3,711552,2,4
1765032322.2122562,87.5,713104,2,4
1765032322.2621377,87.5,714656,2,4
1765032322.3126328,50.0,716208,2,4
1765032322.3635259,50.0,717760,2,5
1765032322.4139152,59.4,719312,2,5
1765032322.4650517,50.0,720864,2,5
1765032322.5153239,58.3,722416,2,5
1765032322.5658958,50.0,724359,3,5
1765032322.6167052,78.1,725911,3,5
1765032322.6679502,54.2,727854,3,5
1765032322.7181754,50.0,729406,3,5
1765032322.7686431,50.0,730958,4,5
1765032322.8190618,50.0,732510,4,5
1765032322.8694427,66.7,734062,4,5
1765032322.9199708,56.0,735614,4,5
1765032322.970256,50.0,737166,3,5
1765032323.0206668,56.2,738718,3,5
1765032323.0712242,50.0,740270,3,5
1765032323.121466,54.2,742208,3,5
1765032323.1720343,62.5,744141,3,5
1765032323.2229786,50.0,745693,3,5
1765032323.2736862,53.1,747245,3,5
1765032323.3245783,50.0,748797,3,5
1765032323.3751452,62.5,750349,3,6
1765032323.4258616,64.0,751901,3,6
1765032323.476222,50.0,753453,3,6
1765032323.5265677,54.2,755005,3,6
1765032323.5769904,70.8,756697,4,6
1765032323.6276367,58.3,758249,4,6
1765032323.678655,69.7,760192,4,6
1765032323.7288978,50.0,761744,4,6
1765032323.7798023,54.2,763296,4,5
1765032323.8309314,54.2,764848,4,5
1765032323.881271,62.5,766400,4,5
1765032323.9315062,50.0,767952,4,5
1765032323.9818761,50.0,769504,4,6
1765032324.0322418,58.3,771056,4,6
1765032324.082617,50.0,772608,4,6
1765032324.1330087,56.2,774546,4,6
1765032324.1839004,58.3,776475,4,6
1765032324.2343569,64.0,778027,4,6
1765032324.2842247,58.3,779579,4,6
1765032324.334521,50.0,781131,4,6
1765032324.3849533,62.5,782683,4,5
1765032324.4353232,50.0,784235,4,5
1765032324.485685,50.0,785787,4,5
1765032324.536114,54.2,787339,4,5
1765032324.5866995,53.1,789031,4,5
1765032324.6368272,54.2,790583,4,5
1765032324.687597,50.0,792526,4,5
1765032324.7376695,50.0,794078,4,5
1765032324.7886267,53.1,795630,4,4
1765032324.8389704,50.0,797182,4,4
1765032324.889317,66.7,798734,4,4
1765032324.9398665,62.5,800286,4,4
1765032324.9902196,53.1,801838,4,3
1765032325.0407414,54.2,803390,4,3
1765032325.0910325,50.0,804942,4,3
1765032325.1413405,54.2,806880,4,3
1765032325.1917462,66.7,808813,3,3
1765032325.2421427,53.1,810365,3,3
1765032325.2925155,50.0,811917,3,3
1765032325.3428695,50.0,813469,3,3
1765032325.3932588,54.2,815021,3,2
1765032325.4439008,59.4,816573,3,2
1765032325.494057,50.0,818125,3,2
1765032325.544389,50.0,819677,3,2
1765032325.5948126,75.0,821616,3,1
1765032325.6454217,66.7,823168,3,1
1765032325.6958997,60.6,824860,3,1
1765032325.7464552,50.0,826412,3,1
1765032325.7969377,50.0,827964,2,1
1765032325.8472445,50.0,829516,2,1
1765032325.8976576,62.5,831068,2,1
1765032325.9487505,50.0,832620,2,1
1765032325.999156,54.2,834172,3,1
1765032326.0495448,54.2,835724,3,1
1765032326.0999298,56.2,837276,3,1
1765032326.150179,62.5,838967,3,1
1765032326.2008073,58.3,840896,3,2
1765032326.2507899,64.0,842448,3,2
1765032326.301226,50.0,844000,3,2
1765032326.3515835,53.1,845552,3,2
1765032326.4020813,54.2,847104,2,2
1765032326.452309,50.0,848656,2,2
1765032326.5027251,54.2,850208,2,2
1765032326.5531263,50.0,851760,2,2
1765032326.6037395,56.0,853452,1,2
1765032326.653908,50.0,855004,1,2
1765032326.7043865,50.0,856947,1,2
1765032326.7554104,53.1,858499,1,2
1765032326.805647,50.0,860051,1,3
1765032326.8563647,54.2,861603,1,3
1765032326.9065683,50.0,863155,1,3
1765032326.9574852,58.3,864707,1,3
1765032327.0079684,56.2,866259,1,4
1765032327.0582516,54.2,867811,1,4
1765032327.1085997,52.0,869363,1,4
1765032327.15897,50.0,871301,1,4
1765032327.2095788,66.7,873234,0,4
1765032327.2600174,54.2,874786,0,4
1765032327.3107219,50.0,876338,0,4
1765032327.3610816,54.2,877890,0,4
1765032327.4116545,50.0,879442,0,5
1765032327.4618673,66.7,880994,0,5
1765032327.5127072,58.3,882546,0,5
1765032327.5631733,50.0,884098,0,5
1765032327.6137054,58.3,886041,0,4
1765032327.664343,71.9,887721,0,4
1765032327.7154095,62.5,889273,0,4
1765032327.765713,54.2,890825,0,4
1765032327.8167334,54.2,892377,0,4
1765032327.8675835,53.1,893929,0,4
1765032327.9185047,50.0,895481,0,4
1765032327.969425,62.5,897033,0,4
1765032328.0204306,54.2,898585,1,4
1765032328.0709426,50.0,900137,1,4
1765032328.1217508,50.0,901689,1,4
1765032328.1722891,54.2,903619,1,4
1765032328.2225041,62.5,905548,1,4
1765032328.2729485,53.1,907100,1,4
1765032328.3232749,50.0,908652,1,4
1765032328.373611,50.0,910204,1,4
1765032328.4242349,50.0,911756,1,3
1765032328.474486,62.5,913308,1,3
1765032328.5249527,52.0,914860,1,3
1765032328.5753188,50.0,916412,1,3
1765032328.6258473,50.0,918355,1,3
1765032328.6763177,75.0,920035,1,3
1765032328.7267036,66.7,921587,1,3
1765032328.7768435,50.0,923139,1,3
1765032328.827862,50.0,924691,2,3
1765032328.878206,50.0,926243,2,3
1765032328.9286106,50.0,927795,2,3
1765032328.9789882,62.5,929347,2,3
1765032329.0293527,58.3,930899,2,2
1765032329.0798666,54.2,932451,2,2
1765032329.1302333,56.2,934003,2,2
1765032329.1805024,50.0,935694,2,2
1765032329.231162,52.0,937384,2,2
1765032329.2817914,54.2,938936,2,2
1765032329.3321817,50.0,940488,2,2
1765032329.3827007,53.1,942040,2,2
1765032329.4330876,50.0,943592,1,2
1765032329.483583,54.2,945144,1,2
1765032329.5339706,54.2,946696,1,2
1765032329.5845363,50.0,948240,1,2
1765032329.6347651,68.0,950170,1,2
1765032329.6851609,62.5,952105,1,2
1765032329.735588,60.0,953649,1,2
1765032329.7859485,54.2,955201,1,2
1765032329.8363552,50.0,956753,0,2
1765032329.8866863,54.2,958305,0,2
1765032329.9375372,54.2,959857,0,2
1765032329.988546,58.3,961409,0,2
1765032330.039634,66.7,962961,1,2
1765032330.0904443,70.8,964513,1,2
1765032330.1407125,62.5,966065,1,2
1765032330.1910985,66.7,967756,1,2
1765032330.2417488,84.4,969685,1,1
1765032330.2921643,58.3,971237,1,1
1765032330.3424737,50.0,972789,1,1
1765032330.3933315,66.7,974333,1,1
1765032330.4437535,50.0,975877,1,0
1765032330.4942098,54.2,977421,1,0
1765032330.544551,50.0,978965,1,0
1765032330.594968,50.0,980509,1,0
1765032330.6453235,50.0,982192,1,0
1765032330.6957266,50.0,984127,1,0
1765032330.7461815,68.0,985671,1,0
1765032330.7964818,54.2,987215,1,0
1765032330.8468423,50.0,988759,2,0
1765032330.897216,56.2,990303,2,0
1765032330.9477942,58.3,991847,2,0
1765032330.9981725,58.3,993391,2,0
1765032331.0486865,54.2,994935,1,0
1765032331.0988014,50.0,996479,1,0
1765032331.1492279,50.0,998023,1,0
1765032331.1998715,54.2,999706,1,0
1765032331.2505891,76.0,1001388,2,0
1765032331.3010273,50.0,1002932,2,0
1765032331.3514826,50.0,1004476,2,0
1765032331.401701,50.0,1006020,2,0
1765032331.4520776,54.2,1007564,2,1
1765032331.5025098,70.8,1009108,2,1
1765032331.5528774,59.4,1010652,2,1
1765032331.6032367,50.0,1012196,2,1
1765032331.6538343,54.2,1014118,3,1
1765032331.7041075,58.3,1016053,3,1
1765032331.754394,58.3,1017597,3,1
1765032331.8048723,50.0,1019141,3,1
1765032331.855231,54.2,1020685,4,1
1765032331.9055882,54.2,1022229,4,1
1765032331.9559574,62.5,1023773,4,1
1765032332.0065274,65.6,1025317,4,1
1765032332.056944,54.2,1026861,4,0
1765032332.1077132,62.5,1028405,4,0
1765032332.1580203,50.0,1029949,4,0
1765032332.2088385,62.5,1031632,4,0
1765032332.258954,62.5,1033314,3,0
1765032332.3093514,52.0,1034858,3,0
1765032332.3597412,54.2,1036402,3,0
1765032332.410107,54.2,1037946,3,0
1765032332.460625,50.0,1039490,2,0
1765032332.5108652,50.0,1041034,2,0
1765032332.5612497,58.3,1042578,2,0
1765032332.6116297,50.0,1044122,2,0
1765032332.6621294,50.0,1046052,2,0
1765032332.7127628,54.2,1047983,2,0
1765032332.7628884,62.5,1049527,2,0
1765032332.8132951,50.0,1051071,2,0
1765032332.8637185,50.0,1052615,3,0
1765032332.914208,50.0,1054159,3,0
1765032332.9645624,56.0,1055703,3,0
1765032333.014995,70.8,1057247,3,0
1765032333.0653975,50.0,1058791,3,0
1765032333.115739,50.0,1060335,3,0
1765032333.16624,50.0,1061879,3,0
1765032333.2167282,54.2,1063562,3,0
1765032333.2674437,72.0,1065244,3,0
1765032333.3185744,50.0,1066788,3,0
1765032333.3687966,54.2,1068332,3,0
1765032333.419801,50.0,1069876,3,0
1765032333.4700902,50.0,1071420,2,0
1765032333.5205762,54.2,1072964,2,0
1765032333.5707853,53.1,1074508,2,0
1765032333.6216948,54.2,1076052,2,0
1765032333.6727605,58.3,1077982,1,0
1765032333.722928,62.5,1079666,1,0
1765032333.773348,62.5,1081210,1,0
1765032333.823787,50.0,1082754,1,0
1765032333.8741221,52.0,1084298,0,0
1765032333.9247437,54.2,1085842,0,0
1765032333.9755254,50.0,1087386,0,0
1765032334.025966,70.8,1088930,0,0
1765032334.076753,50.0,1090474,1,0
1765032334.1272027,50.0,1092018,1,0
1765032334.1775646,53.1,1093562,1,0
1765032334.228114,58.3,1095492,1,0
1765032334.2788143,70.8,1097174,2,0
1765032334.328751,50.0,1098718,2,0
1765032334.3799205,54.2,1100262,2,0
1765032334.4301348,50.0,1101806,2,0
1765032334.4804356,50.0,1103350,3,0
1765032334.5313025,54.2,1104894,3,0
1765032334.5821898,50.0,1106438,3,0
1765032334.6330438,56.2,1108109,3,0
1765032334.6834915,50.0,1109653,2,0
1765032334.7342257,50.0,1111588,2,0
1765032334.7958295,100.0,1113132,2,0
1765032334.8457656,70.8,1114676,2,0
1765032334.8967543,50.0,1116220,3,0
1765032334.9476738,54.2,1117764,3,0
1765032334.9981308,54.2,1119308,3,0
1765032335.0485237,70.8,1120852,3,0
1765032335.098937,50.0,1122396,2,0
1765032335.1500008,50.0,1123940,2,0
1765032335.200716,50.0,1125484,2,0
1765032335.2515738,54.2,1127548,2,0
1765032335.3021107,59.4,1129092,3,0
1765032335.3523228,58.3,1130636,3,0
1765032335.4027543,75.0,1132180,3,0
1765032335.4535544,50.0,1133724,3,0
1765032335.504411,50.0,1135268,2,0
1765032335.554601,56.2,1136812,2,0
1765032335.6050415,62.5,1138356,2,0
1765032335.6558394,58.3,1140027,2,0
1765032335.706666,50.0,1141571,2,1
1765032335.7571352,59.4,1143255,2,1
1765032335.807457,58.3,1144799,2,1
1765032335.857789,50.0,1146343,2,1
1765032335.9082258,50.0,1147887,2,1
1765032335.958658,53.1,1149431,2,1
1765032336.009128,58.3,1150975,2,1
1765032336.0593853,68.0,1152519,2,1
1765032336.1100364,58.3,1154063,2,2
1765032336.160362,54.2,1155607,2,2
1765032336.2106786,50.0,1157151,2,2
1765032336.2617753,62.5,1158972,2,2
1765032336.3125603,75.0,1160516,3,2
1765032336.363693,60.0,1162060,3,2
1765032336.4140534,53.1,1163604,3,2
1765032336.4644003,50.0,1165148,3,2
1765032336.5147467,54.2,1166692,2,2
1765032336.5652199,66.7,1168236,2,2
1765032336.615667,68.8,1169780,2,2
1765032336.6663,58.3,1171710,2,2
1765032336.7167518,54.2,1173254,2,3
1765032336.7677789,58.3,1175189,2,3
1765032336.8184779,71.9,1176733,2,3
1765032336.8695803,50.0,1178277,2,3
1765032336.9203649,58.3,1179821,1,3
1765032336.9708278,54.2,1181365,1,3
1765032337.0216305,56.2,1182909,1,3
1765032337.0720444,62.5,1184453,1,3
1765032337.1224573,58.3,1185997,0,3
1765032337.1734214,50.0,1187541,0,3
1765032337.224325,50.0,1189224,0,3
1765032337.2747664,84.0,1190906,0,3
1765032337.3253381,66.7,1192450,1,3
1765032337.3758323,50.0,1193994,1,3
1765032337.4269369,54.2,1195538,1,3
1765032337.4776828,50.0,1197082,1,3
1765032337.52865,54.2,1198626,0,3
1765032337.5798194,54.2,1200170,0,3
1765032337.6306021,59.4,1201714,0,3
1765032337.6806154,58.3,1203397,0,3
1765032337.7315352,50.0,1205081,0,4
1765032337.7820213,62.5,1206625,0,4
1765032337.832513,58.3,1208169,0,4
1765032337.882946,56.2,1209713,0,4
1765032337.9333732,50.0,1211257,1,4
1765032337.9838443,50.0,1212801,1,4
1765032338.0347877,58.3,1214345,1,4
1765032338.0853407,50.0,1215889,1,4
1765032338.1357849,62.5,1217433,1,4
1765032338.1861598,50.0,1218977,1,4
1765032338.2366364,54.2,1220660,1,4
1765032338.2872853,56.2,1222342,1,4
1765032338.3372214,58.3,1223886,1,4
1765032338.3882322,54.2,1225430,1,3
1765032338.4387743,50.0,1226974,1,3
1765032338.4890547,54.2,1228518,1,3
1765032338.5396266,53.1,1230062,1,3
1765032338.5899909,54.2,1231606,1,2
1765032338.6407266,62.5,1233150,1,2
1765032338.6913676,54.2,1235080,1,2
1765032338.741117,53.1,1236760,1,2
1765032338.7915466,66.7,1238312,1,1
1765032338.8419507,70.8,1239864,1,1
1765032338.892285,54.2,1241416,1,1
1765032338.94281,50.0,1242968,1,1
1765032338.9931393,54.2,1244520,2,1
1765032339.043516,54.2,1246072,2,1
1765032339.093948,50.0,1247624,2,1
1765032339.14425,70.8,1249176,2,1
1765032339.1947434,56.2,1250728,3,1
1765032339.2451591,58.3,1252419,3,1
1765032339.2954857,58.3,1254352,3,1
1765032339.3460321,75.0,1255904,3,1
1765032339.3962133,53.1,1257456,2,1
1765032339.4472837,54.2,1259008,2,1
1765032339.4976158,54.2,1260560,2,1
1765032339.5480194,50.0,1262112,2,1
1765032339.5986433,54.2,1263664,1,1
1765032339.648993,62.5,1265607,1,1
1765032339.6992052,54.2,1267159,1,1
1765032339.750174,58.3,1269102,1,1
1765032339.8007622,62.5,1270654,1,0
1765032339.8515024,62.5,1272206,1,0
1765032339.9024477,54.2,1273758,1,0
1765032339.953569,50.0,1275310,1,0
1765032340.0037947,54.2,1276862,1,0
1765032340.0540907,56.2,1278414,1,0
1765032340.1045172,56.0,1279966,1,0
1765032340.155072,83.3,1281518,1,0
1765032340.2053566,50.0,1283070,1,1
1765032340.2556467,56.2,1284761,1,1
1765032340.3067858,58.3,1286451,1,1
1765032340.3577552,62.5,1288003,1,1
1765032340.4081461,70.8,1289555,1,1
1765032340.458391,56.2,1291107,1,1
1765032340.5087504,54.2,1292659,1,1
1765032340.5597408,50.0,1294211,1,1
1765032340.610213,54.2,1295763,1,1
1765032340.660678,54.2,1297706,1,1
1765032340.7110925,59.4,1299258,1,1
1765032340.7616134,58.3,1300950,0,1
1765032340.8123178,54.2,1302502,0,1
1765032340.8627505,54.2,1304054,0,1
1765032340.91328,53.1,1305606,0,1
1765032340.9635189,50.0,1307158,1,1
1765032341.0138779,58.3,1308710,1,1
1765032341.0642824,50.0,1310262,1,1
1765032341.11465,53.1,1311814,1,1
1765032341.1656718,62.5,1313366,1,2
1765032341.216687,54.2,1314918,1,2
1765032341.2678027,56.0,1316609,1,2
1765032341.3181026,56.2,1318299,1,2
1765032341.368294,62.5,1319851,1,2
1765032341.418788,62.5,1321403,1,2
1765032341.4698799,54.2,1322955,1,2
1765032341.5204194,54.2,1324507,1,2
1765032341.570621,53.1,1326059,1,3
1765032341.6215014,58.3,1327611,1,3
1765032341.6724794,54.2,1329303,1,3
1765032341.723415,54.2,1330855,1,3
1765032341.7739258,50.0,1332794,1,3
1765032341.8249362,58.3,1334346,1,4
1765032341.8757443,58.3,1335898,1,4
1765032341.9265864,50.0,1337450,1,4
1765032341.9769108,53.1,1339002,1,4
1765032342.0278802,54.2,1340554,1,4
1765032342.0783672,50.0,1342106,1,4
1765032342.1288517,56.0,1343658,1,4
1765032342.179204,54.5,1345202,1,4
1765032342.2298355,62.5,1346746,1,4
1765032342.28058,58.3,1348429,1,4
1765032342.331673,62.5,1350111,1,4
1765032342.381984,53.1,1351655,1,4
1765032342.43231,50.0,1353199,1,3
1765032342.4827332,50.0,1354743,1,3
1765032342.533039,54.2,1356287,1,3
1765032342.5833852,50.0,1357831,1,3
1765032342.6338181,62.5,1359375,0,3
1765032342.6842752,54.2,1361305,0,3
1765032342.7346325,62.5,1362849,0,3
1765032342.78572,54.2,1364521,0,3
1765032342.8365777,50.0,1366065,0,4
1765032342.8870146,58.3,1367609,0,4
1765032342.9374068,50.0,1369153,0,4
1765032342.9879012,50.0,1370697,0,4
1765032343.0387707,59.4,1372241,0,4
1765032343.0891097,50.0,1373785,0,4
1765032343.139605,58.3,1375329,0,4
1765032343.1900206,54.2,1376873,1,4
1765032343.2402322,71.9,1378556,1,4
1765032343.290768,62.5,1380238,1,4
1765032343.3411677,66.7,1381782,1,4
1765032343.391537,58.3,1383326,2,4
1765032343.4419332,50.0,1384870,2,4
1765032343.4923408,53.1,1386414,2,4
1765032343.5428927,50.0,1387958,2,4
1765032343.593266,50.0,1389510,2,4
1765032343.6436112,54.2,1391062,2,4
1765032343.6941967,53.1,1393005,2,4
1765032343.7448928,58.3,1394557,2,4
1765032343.8200378,73.9,1396492,2,5
1765032343.870182,78.9,1398036,2,5
1765032343.9206457,58.3,1399580,2,5
1765032343.9714692,50.0,1401124,2,5
1765032344.021892,56.2,1402668,2,5
1765032344.0723724,50.0,1404204,1,5
1765032344.1228168,50.0,1405740,1,5
1765032344.1737154,58.3,1407276,1,5
1765032344.2241752,50.0,1408812,1,5
1765032344.2745745,64.0,1410495,1,5
1765032344.3255107,58.3,1412412,1,5
1765032344.3764224,66.7,1413956,1,5
1765032344.4273634,56.2,1415500,1,5
1765032344.4776945,50.0,1417036,2,5
1765032344.5287378,50.0,1418572,2,5
1765032344.5797157,50.0,1420108,2,5
1765032344.6304686,56.2,1421644,2,5
1765032344.6808205,50.0,1423570,1,5
1765032344.7319262,62.5,1425114,1,5
1765032344.782175,66.7,1426786,1,5
1765032344.832647,50.0,1428330,1,5
1765032344.8834379,56.2,1429874,2,5
1765032344.933814,58.3,1431410,2,5
1765032344.984252,50.0,1432946,2,5
1765032345.0346363,58.3,1434482,2,5
1765032345.0850163,50.0,1436026,2,4
1765032345.1354845,54.2,1437570,2,4
1765032345.1863306,54.2,1439114,2,4
1765032345.236788,50.0,1440658,2,4
1765032345.2877455,71.9,1442329,2,5
1765032345.3385766,54.2,1444254,2,5
1765032345.389758,79.2,1445798,2,5
1765032345.4400032,70.8,1447342,2,5
1765032345.4903836,53.1,1448886,1,5
1765032345.5407627,50.0,1450430,1,5
1765032345.591743,50.0,1451974,1,5
1765032345.6420727,54.2,1453518,1,5
1765032345.692553,50.0,1455453,0,5
1765032345.742934,54.2,1456997,0,5
1765032345.7942119,62.5,1458668,0,5
1765032345.8443685,54.2,1460212,0,5
1765032345.8948174,50.0,1461756,0,5
1765032345.9452353,53.1,1463300,0,5
1765032345.9956458,54.2,1464844,0,5
1765032346.0459216,54.2,1466388,0,5
1765032346.0966015,62.5,1467932,0,4
1765032346.146653,71.9,1469476,0,4
1765032346.197154,50.0,1471020,0,4
1765032346.2480865,50.0,1472564,0,4
1765032346.299249,62.5,1474494,0,5
1765032346.3495116,62.5,1476176,0,5
1765032346.3997715,62.5,1477720,0,5
1765032346.4500868,50.0,1479264,0,5
1765032346.500993,58.3,1480808,0,6
1765032346.551493,50.0,1482352,0,6
1765032346.6025214,50.0,1483896,0,6
1765032346.6528265,50.0,1485440,0,6
1765032346.703716,58.3,1487375,0,7
1765032346.7543092,66.7,1488919,0,7
1765032346.8044884,56.2,1490590,0,7
1765032346.8549142,52.0,1492134,0,7
1765032346.90548,66.7,1493678,1,7
1765032346.955656,50.0,1495222,1,7
1765032347.006318,56.2,1496766,1,7
1765032347.057001,54.2,1498310,1,7
1765032347.1078796,50.0,1499854,2,7
1765032347.1583388,66.7,1501398,2,7
1765032347.208629,59.4,1502942,2,7
1765032347.259132,62.5,1504486,2,7
1765032347.3097029,54.2,1506416,3,7
1765032347.3600097,58.3,1508337,3,7
1765032347.410237,73.1,1509881,3,7
1765032347.4606304,65.6,1511425,3,7
1765032347.5110455,54.2,1512969,3,8
1765032347.5612998,50.0,1514513,3,8
1765032347.6116874,54.2,1516057,3,8
1765032347.6621246,62.5,1517601,3,8
1765032347.7124796,50.0,1519536,4,8
1765032347.763064,50.0,1521072,4,8
1765032347.8137434,70.8,1522994,4,8
1765032347.8645856,58.3,1524530,4,8
1765032347.9147477,56.2,1526066,4,9
1765032347.9650471,54.2,1527602,4,9
1765032348.0155005,54.2,1529138,4,9
1765032348.0658662,50.0,1530674,4,9
1765032348.1163032,51.5,1532210,3,9
1765032348.1671894,50.0,1533746,3,9
1765032348.2176611,50.0,1535282,3,9
1765032348.268481,54.2,1536818,3,9
1765032348.319113,59.4,1538493,3,9
1765032348.3696551,54.2,1540414,3,8
1765032348.4199963,62.5,1541958,3,8
1765032348.4704816,50.0,1543502,3,8
1765032348.5205798,54.2,1545046,3,8
1765032348.5709639,50.0,1546590,3,7
1765032348.6213653,50.0,1548134,3,7
1765032348.6717348,54.2,1549678,3,7
1765032348.7226639,62.5,1551362,3,7
1765032348.7736645,50.0,1552898,4,7
1765032348.8247514,50.0,1554561,4,7
1765032348.8748276,50.0,1556097,4,7
1765032348.9252915,50.0,1557633,4,7
1765032348.9755294,56.2,1559169,4,6
1765032349.026256,58.3,1560705,4,6
1765032349.076614,50.0,1562241,4,6
1765032349.1275513,50.0,1563777,4,6
1765032349.178389,53.1,1565321,4,6
1765032349.2294788,54.2,1566865,4,6
1765032349.2801611,50.0,1568548,4,6
1765032349.3304012,54.2,1570092,4,6
1765032349.3812273,65.6,1572013,4,7
1765032349.4320781,79.2,1573557,4,7
1765032349.4824436,62.5,1575101,4,7
1765032349.532905,54.2,1576645,4,7
1765032349.5831058,50.0,1578189,4,7
1765032349.6335678,54.2,1579733,4,7
1765032349.6839814,50.0,1581277,4,7
1765032349.7344048,58.3,1582961,4,7
1765032349.7846866,50.0,1584505,3,7
1765032349.8359036,59.4,1586176,3,7
1765032349.886143,52.0,1587720,3,7
1765032349.9365175,54.2,1589264,3,8
1765032349.9869072,58.3,1590808,3,8
1765032350.0378544,59.4,1592352,3,8
1765032350.088745,50.0,1593896,3,8
1765032350.139796,54.2,1595440,3,8
1765032350.1901324,50.0,1596984,2,8
1765032350.2405474,57.6,1598528,2,8
1765032350.291065,54.2,1600211,2,8
1765032350.3412635,58.3,1602136,2,8
1765032350.3919055,58.3,1603680,2,9
1765032350.4425187,59.4,1605224,2,9
1765032350.492918,62.5,1606768,2,9
1765032350.543868,50.0,1608312,2,9
1765032350.5948002,50.0,1609856,2,8
1765032350.6450937,54.2,1611400,2,8
1765032350.6954308,50.0,1612944,2,8
1765032350.7458186,68.0,1614628,2,8
1765032350.7962635,54.2,1616172,3,8
1765032350.8467548,54.2,1618102,3,8
1765032350.8970723,62.5,1619646,3,8
1765032350.947438,54.2,1621190,3,8
1765032350.9978166,70.8,1622734,2,8
1765032351.0482664,54.2,1624278,2,8
1765032351.0988657,50.0,1625822,2,8
1765032351.149342,54.2,1627366,2,8
1765032351.1997175,50.0,1628910,2,7
1765032351.2506135,62.5,1630454,2,7
1765032351.301253,50.0,1632384,2,7
1765032351.3514109,53.1,1634309,2,7
1765032351.4017227,66.7,1635853,2,7
1765032351.452308,54.2,1637397,2,7
1765032351.502542,58.3,1638941,2,7
1765032351.5529287,50.0,1640485,2,7
1765032351.6032748,50.0,1642029,2,7
1765032351.6537008,50.0,1643573,2,7
1765032351.704183,50.0,1645117,2,7
1765032351.7551804,65.6,1647052,2,7
1765032351.8061786,66.7,1648596,2,8
1765032351.8563662,50.0,1650267,2,8
1765032351.90747,54.2,1651811,2,8
1765032351.9581208,50.0,1653355,2,8
1765032352.00861,62.5,1654899,3,8
1765032352.0594897,50.0,1656443,3,8
1765032352.1099641,50.0,1657987,3,8
1765032352.1602483,50.0,1659531,3,8
1765032352.2106345,50.0,1661075,3,8
1765032352.261002,54.2,1662619,3,8
1765032352.3112357,58.3,1664290,3,8
1765032352.361729,58.3,1665972,3,8
1765032352.412321,59.4,1667516,3,9
1765032352.462677,50.0,1669060,3,9
1765032352.5130522,54.2,1670604,3,9
1765032352.5634606,50.0,1672148,3,9
1765032352.6138604,54.2,1673692,3,8
1765032352.6646886,50.0,1675236,3,8
1765032352.7153158,50.0,1676780,3,8
1765032352.7657065,70.8,1678715,3,8
1765032352.816552,58.3,1680259,3,8
1765032352.8674757,56.2,1682189,3,8
1765032352.9184663,62.5,1683733,3,8
1765032352.9688668,50.0,1685277,3,8
1765032353.0198889,62.5,1686821,3,9
1765032353.0707066,50.0,1688365,3,9
1765032353.1210394,62.5,1689909,3,9
1765032353.1714513,54.2,1691453,3,9
1765032353.221806,50.0,1692997,3,9
1765032353.272231,56.2,1694541,3,9
1765032353.3229094,54.2,1696224,3,9
1765032353.3732014,62.5,1698149,3,9
1765032353.4235237,66.7,1699693,4,9
1765032353.473753,53.1,1701237,4,9
1765032353.5240867,75.0,1702781,4,9
1765032353.5745804,54.2,1704325,4,9
1765032353.6248732,50.0,1705869,5,9
1765032353.6752603,50.0,1707413,5,9
1765032353.7256691,50.0,1708957,5,9
1765032353.7762623,62.5,1710641,5,9
1765032353.8265924,50.0,1712185,5,9
1765032353.8769324,50.0,1714111,5,9
1765032353.9271894,50.0,1715655,5,9
1765032353.9775708,50.0,1717199,5,9
1765032354.027962,60.0,1718751,5,10
1765032354.0783715,50.0,1720303,5,10
1765032354.1288028,50.0,1721855,5,10
1765032354.1797695,50.0,1723407,5,10
1765032354.2302792,50.0,1724959,5,10
1765032354.2805014,54.2,1726511,5,10
1765032354.3311007,50.0,1728437,5,10
1765032354.3814547,65.6,1730375,5,10
1765032354.4319024,58.3,1731927,5,10
1765032354.4827814,50.0,1733479,5,10
1765032354.5336435,66.7,1735031,5,10
1765032354.5840366,50.0,1736583,5,10
1765032354.634465,54.2,1738127,5,9
1765032354.6848419,50.0,1739671,5,9
1765032354.7351482,50.0,1741215,5,9
1765032354.785702,66.7,1742899,5,9
1765032354.836114,56.2,1744443,5,8
1765032354.886328,62.5,1746114,5,8
1765032354.9371743,50.0,1747658,5,8
1765032354.9876423,50.0,1749202,5,8
1765032355.0385323,65.6,1750746,5,7
1765032355.089521,50.0,1752290,5,7
1765032355.140323,54.2,1753834,5,7
1765032355.1911368,50.0,1755378,5,7
1765032355.2421663,53.1,1756922,5,7
1765032355.2930331,62.5,1758466,5,7
1765032355.3434575,54.2,1760396,5,7
1765032355.3945189,75.0,1762321,5,7
1765032355.4453046,59.4,1763857,5,8
1765032355.4961805,50.0,1765393,5,8
1765032355.5465808,50.0,1766929,5,8
1765032355.5970125,50.0,1768465,5,8
1765032355.6479516,50.0,1769993,5,7
1765032355.6983383,50.0,1771521,5,7
1765032355.7488012,50.0,1773049,5,7
1765032355.79932,68.0,1774954,5,7
1765032355.8497245,50.0,1776482,4,7
1765032355.9002008,58.3,1778137,4,7
1765032355.9504914,54.2,1779665,4,7
1765032356.001045,54.2,1781193,4,7
1765032356.0512986,62.5,1782721,4,8
1765032356.110385,84.4,1784249,4,8
1765032356.160556,91.7,1785777,4,8
1765032356.2108772,51.5,1787305,4,8
1765032356.2612393,50.0,1788833,5,8
1765032356.3116455,66.7,1790361,5,8
1765032356.3628128,62.5,1792275,5,8
1765032356.4130116,53.1,1794184,5,8
1765032356.4633703,50.0,1795712,5,9
1765032356.5144463,54.2,1797240,5,9
1765032356.565178,54.2,1798768,5,9
1765032356.615579,53.1,1800296,5,9
1765032356.666053,54.2,1801824,4,9
1765032356.7168322,50.0,1803352,4,9
1765032356.7679408,54.2,1805261,4,9
1765032356.8186405,62.5,1806789,4,9
1765032356.8689058,50.0,1808444,3,9
1765032356.9203408,72.0,1809972,3,9
1765032356.971016,50.0,1811500,3,9
1765032357.0212178,56.2,1813028,3,9
1765032357.0716643,54.2,1814556,4,9
1765032357.1219976,50.0,1816084,4,9
1765032357.1733882,54.2,1817612,4,9
1765032357.2234187,50.0,1819140,4,9
1765032357.2738454,53.1,1820668,5,9
1765032357.3241558,54.2,1822196,5,9
1765032357.3745797,58.3,1823851,5,9
1765032357.425173,66.7,1825760,5,9
1765032357.475462,50.0,1827288,5,9
1765032357.5258296,50.0,1828832,5,10
1765032357.5762663,66.7,1830376,5,10
1765032357.6266341,54.2,1831920,5,10
1765032357.6770499,65.6,1833464,5,10
1765032357.7273843,50.0,1835008,4,10
1765032357.7777922,50.0,1836938,4,10
1765032357.8282084,62.5,1838482,4,10
1765032357.8786094,58.3,1840153,4,10
1765032357.9296193,50.0,1841689,4,10
1765032357.9804103,50.0,1843225,4,10
1765032358.0309634,54.2,1844761,4,10
1765032358.081818,54.2,1846297,4,10
1765032358.1328266,50.0,1847833,5,10
1765032358.1832075,50.0,1849369,5,10
1765032358.233663,50.0,1850905,5,10
1765032358.2840078,54.2,1852441,5,10
1765032358.3343716,53.1,1853977,5,10
1765032358.3847728,50.0,1855652,5,10
1765032358.4355254,66.7,1857327,5,10
1765032358.4857466,50.0,1858863,5,10
1765032358.5359626,54.2,1860399,5,11
1765032358.5868945,53.1,1861935,5,11
1765032358.6373084,50.0,1863471,5,11
1765032358.6883202,50.0,1865007,5,11
1765032358.7391417,50.0,1866543,5,10
1765032358.790724,68.8,1868460,5,10
1765032358.8409529,66.7,1869996,5,10
1765032358.8919656,54.2,1871659,5,10
1765032358.9422224,62.5,1873187,5,9
1765032358.9931178,53.1,1874715,5,9
1765032359.043576,58.3,1876243,5,9
1765032359.0940282,50.0,1877771,5,9
1765032359.1444206,54.2,1879299,4,9
1765032359.1948478,53.1,1880827,4,9
1765032359.2452805,54.2,1882355,4,9
1765032359.2957127,50.0,1883883,4,9
1765032359.346032,50.0,1885558,4,10
1765032359.3964581,56.2,1887480,4,10
1765032359.4473233,58.3,1889016,4,10
1765032359.4978435,50.0,1890552,4,10
1765032359.5481627,50.0,1892088,3,10
1765032359.5985448,54.2,1893624,3,10
1765032359.6490211,50.0,1895160,3,10
1765032359.6995142,50.0,1896696,3,10
1765032359.7499912,54.2,1898232,2,10
1765032359.801411,50.0,1900149,2,10
1765032359.8514035,63.6,1901685,2,10
1765032359.9019063,62.5,1903348,2,10
1765032359.9520168,62.5,1904884,2,10
1765032360.0045848,75.0,1906420,2,10
1765032360.0544066,75.0,1907956,2,10
1765032360.1051633,79.2,1909492,2,10
1765032360.1561363,79.2,1911028,2,10
